user_id,live_id,streamer_id,clicked,user_ctr,user_n,streamer_ctr,streamer_n,cat_ctr,u_age,u_gender,u_country,u_device_brand,u_device_price,u_fans_num,u_follow_num,u_accu_watch_live_cnt,u_accu_watch_live_duration,u_is_live_streamer,u_is_photo_author,s_gender,s_age,s_country,s_device_brand,s_device_price,s_live_operation_tag,s_fans_user_num,s_fans_group_fans_num,s_follow_user_num,s_accu_live_cnt,s_accu_live_duration,s_accu_play_cnt,s_accu_play_duration,r_content_category,r_live_type,ctx_hour,ctx_dayofweek
16231,9596873,417965,1,0.7430594935098072,716,0.46536835072556415,12,0.2926243062303998,0-11,M,China,APPLE,5000+,10-100,0-10,0-50000,0-1000000000,0,0,F,18-23,China,APPLE,5000+,Beauty,1000-10000,10-50,10-100,100-500,500000000-1000000000,100000-500000,5000000000-10000000000,other,1,23,3
13285,4592062,305911,0,0.15315276113564813,247,0.13587176010553662,200,0.2926243062303998,24-30,M,China,HUAWEI,1-1000,10-100,100-1000,0-50000,1000000000-5000000000,0,1,F,31-40,China,APPLE,5000+,Chat,10000-100000,500-1000,100-1000,100-500,1000000000-3000000000,1000000-5000000,10000000000-50000000000,other,1,12,1
17530,5610208,55693,0,0.10974736657640824,1200,0.23317229849447163,31,0.2926243062303998,41-49,M,China,VIVO,1000-2000,100-1000,1000-10000,50000-100000,5000000000-10000000000,0,1,F,31-40,China,VIVO,2000-4000,Chat,10000-100000,1000-5000,1000-10000,1000-5000,10000000000-50000000000,10000000+,500000000000-1000000000000,other,1,10,2
22465,5347493,381124,1,0.5527310094605024,215,0.2733752323812444,1216,0.2926243062303998,50+,M,China,HUAWEI,2000-4000,10-100,100-1000,50000-100000,5000000000-10000000000,0,1,M,24-30,China,APPLE,5000+,Lifestyle,10000-100000,100-500,10-100,100-500,500000000-1000000000,10000000+,500000000000-1000000000000,other,1,3,0
644,971325,388510,1,0.22712094055454432,94,0.2945893611609027,0,0.1333639551880933,12-17,F,China,VIVO,5000+,100-1000,1000-10000,0-50000,0-1000000000,0,1,M,18-23,China,APPLE,5000+,Game,10000-100000,100-500,10-100,0-50,500000000-1000000000,10000000+,50000000000-100000000000,game,1,19,0
11370,4321500,173375,0,0.22440765876821145,1049,0.26799861387733637,5905,0.2926243062303998,18-23,M,China,APPLE,5000+,10-100,100-1000,100000-500000,10000000000-50000000000,1,1,M,50+,China,APPLE,5000+,Chat,100000-1000000,20000-30000,100-1000,50-100,100000000-500000000,10000000+,1000000000000-5000000000000,other,1,14,3
22161,3556749,25435,1,0.4817680971977572,507,0.47248133459822284,420,0.2926243062303998,50+,F,China,HONOR,1000-2000,100-1000,100-1000,100000-500000,10000000000-50000000000,0,1,F,50+,China,HUAWEI,2000-4000,Chat,100000-1000000,10000-20000,1000-10000,1000-5000,10000000000-50000000000,10000000+,1000000000000-5000000000000,other,2,6,5
22996,10044347,95626,1,0.2012472548576476,695,0.37232677032252276,114,0.2926243062303998,24-30,M,China,OPPO,1000-2000,100-1000,100-1000,100000-500000,10000000000-50000000000,1,1,F,31-40,China,APPLE,5000+,Chat,100000-1000000,5000-10000,1000-10000,1000-5000,3000000000-10000000000,10000000+,1000000000000-5000000000000,other,1,12,0
5113,6399307,441351,1,0.13964771980328317,1082,0.22512218915954796,3391,0.2926243062303998,18-23,M,China,APPLE,5000+,10-100,10-100,100000-500000,1000000000-5000000000,0,1,M,24-30,China,APPLE,5000+,Chat,100000-1000000,10000-20000,1000-10000,100-500,3000000000-10000000000,10000000+,5000000000000-10000000000000,other,1,19,2
5172,9321357,249802,0,0.2726545681647818,218,0.10852958768139104,108,0.2926243062303998,18-23,F,China,HONOR,1000-2000,100-1000,1000-10000,0-50000,0-1000000000,0,1,F,31-40,China,APPLE,4000-5000,Other,1000-10000,100-500,0-10,50-100,100000000-500000000,1000000-5000000,10000000000-50000000000,other,1,0,6
9476,3461668,59911,0,0.6806211108268673,1931,0.27004802538063305,1683,0.40037919857242893,31-40,M,China,VIVO,2000-4000,100-1000,100-1000,100000-500000,10000000000-50000000000,1,1,M,24-30,China,HUAWEI,5000+,Group,10000000+,100000+,100-1000,1000-5000,10000000000-50000000000,10000000+,100000000000000+,shop,1,20,6
15356,984820,411667,1,0.14799509684968243,1655,0.19266643683092402,29912,0.2926243062303998,18-23,M,China,VIVO,1000-2000,100-1000,10-100,0-50000,1000000000-5000000000,0,1,F,24-30,China,APPLE,5000+,Group,10000000+,100000+,1000-10000,5000-10000,10000000000-50000000000,10000000+,100000000000000+,other,1,22,6
558,9165594,437361,1,0.7507604387323844,2139,0.7791032041141224,569,0.2926243062303998,41-49,M,China,VIVO,1000-2000,100-1000,1000-10000,500000-1000000,10000000000-50000000000,1,1,M,50+,China,HONOR,2000-4000,Lifestyle,10000-100000,100-500,1000-10000,100-500,500000000-1000000000,5000000-10000000,100000000000-500000000000,other,1,18,4
15291,8604724,184002,1,0.0844984780430701,2748,0.3531508271826234,25,0.2926243062303998,24-30,F,China,OPPO,2000-4000,1000-10000,100-1000,100000-500000,10000000000-50000000000,1,1,F,50+,China,OPPO,1000-2000,Lifestyle,10000-100000,100-500,10-100,500-1000,3000000000-10000000000,5000000-10000000,500000000000-1000000000000,other,1,18,2
10086,11549895,222519,0,0.12009734440454521,512,0.42229468058045133,20,0.2926243062303998,31-40,M,China,XIAOMI,1000-2000,100-1000,100-1000,100000-500000,1000000000-5000000000,0,1,F,24-30,China,APPLE,5000+,Hobbies,10000-100000,1000-5000,1000-10000,500-1000,10000000000-50000000000,1000000-5000000,100000000000-500000000000,other,1,10,0
3876,1295227,7947,1,0.14741985006596037,332,0.14948464893556368,287,0.2926243062303998,18-23,F,China,HUAWEI,2000-4000,100-1000,10-100,50000-100000,0-1000000000,1,1,M,24-30,China,NZONE,1000-2000,Other,1000-10000,100-500,0-10,100-500,3000000000-10000000000,5000000-10000000,50000000000-100000000000,other,3,22,6
13550,2056693,267761,0,0.12026463297834951,478,0.5160927694798491,1185,0.2926243062303998,31-40,M,China,HUAWEI,5000+,100-1000,10-100,100000-500000,10000000000-50000000000,1,1,F,18-23,China,APPLE,5000+,Beauty,100000-1000000,5000-10000,100-1000,1000-5000,3000000000-10000000000,10000000+,500000000000-1000000000000,other,1,20,3
12816,10158989,238694,0,0.07327510387849424,579,0.16776957024939723,33,0.2926243062303998,31-40,F,China,OPPO,1000-2000,1000-10000,1000-10000,0-50000,0-1000000000,0,1,M,18-23,China,APPLE,5000+,Relationship,10000-100000,1000-5000,1000-10000,500-1000,3000000000-10000000000,1000000-5000000,10000000000-50000000000,other,1,20,6
5270,10785136,57531,1,0.2086329623950978,2261,0.12881069966209513,16484,0.2926243062303998,24-30,F,China,APPLE,5000+,100-1000,100-1000,50000-100000,1000000000-5000000000,0,1,M,18-23,China,APPLE,5000+,Chat,3000000-4000000,100000+,1000-10000,1000-5000,10000000000-50000000000,10000000+,10000000000000-100000000000000,other,1,16,5
20257,10297838,415895,0,0.08501721766483904,955,0.21829459895395298,149,0.2926243062303998,12-17,F,China,OPPO,1000-2000,1000-10000,1000-10000,50000-100000,1000000000-5000000000,0,1,M,31-40,China,APPLE,5000+,Group,1000-10000,100-500,10-100,100-500,1000000000-3000000000,1000000-5000000,50000000000-100000000000,other,1,7,6
14694,6785998,289158,1,0.7703057878934276,738,0.32818034396276446,1,0.2926243062303998,41-49,F,China,VIVO,2000-4000,1000-10000,1000-10000,100000-500000,1000000000-5000000000,1,1,F,50+,China,OPPO,2000-4000,Lifestyle,10000-100000,1000-5000,1000-10000,1000-5000,10000000000-50000000000,10000000+,1000000000000-5000000000000,other,1,10,5
15918,7263778,59721,0,0.03370060166313325,956,0.03197644890537576,2197,0.2926243062303998,12-17,F,China,OPPO,1000-2000,10-100,10-100,0-50000,0-1000000000,0,1,F,24-30,China,APPLE,5000+,Lifestyle,10000-100000,1000-5000,1000-10000,100-500,1000000000-3000000000,10000000+,100000000000-500000000000,other,1,17,5
23072,839826,59911,1,0.973803215993255,1282,0.27004802538063305,1683,0.40037919857242893,50+,F,China,HUAWEI,2000-4000,10-100,1000-10000,100000-500000,10000000000-50000000000,0,1,M,24-30,China,HUAWEI,5000+,Group,10000000+,100000+,100-1000,1000-5000,10000000000-50000000000,10000000+,100000000000000+,shop,1,20,3
14132,6583551,400560,1,0.6595067073994664,321,0.2945893611609027,0,0.2926243062303998,41-49,F,China,HONOR,1000-2000,1000-10000,1000-10000,100000-500000,10000000000-50000000000,1,1,F,50+,China,VIVO,1000-2000,Talent,1000-10000,10-50,1000-10000,50-100,100000000-500000000,100000-500000,1000000000-5000000000,other,1,20,3
21258,556105,24896,0,0.046582024528703386,1416,0.24661835072556418,12,0.40037919857242893,31-40,M,China,HONOR,2000-4000,100-1000,1000-10000,50000-100000,0-1000000000,1,1,M,24-30,China,APPLE,2000-4000,Fitness,10000-100000,50-100,10-100,100-500,500000000-1000000000,500000-1000000,5000000000-10000000000,shop,1,7,5
1483,4290924,147047,0,0.04445893611609027,180,0.06455159663239873,567,0.2926243062303998,12-17,M,China,HONOR,1000-2000,10-100,100-1000,0-50000,0-1000000000,0,1,F,31-40,China,APPLE,5000+,Other,100000-1000000,1000-5000,0-10,500-1000,3000000000-10000000000,10000000+,100000000000-500000000000,other,1,22,5
396,9780752,397647,1,0.11512448851735109,396,0.2945893611609027,0,0.2926243062303998,50+,M,China,HUAWEI,1000-2000,100-1000,1000-10000,50000-100000,1000000000-5000000000,1,1,F,50+,China,OPPO,1000-2000,Other,1000-10000,0-10,100-1000,100-500,100000000-500000000,0-50000,0-1000000000,other,1,9,6
16959,6183813,106848,1,0.9534633802654204,6171,0.4383606039458647,290,0.2926243062303998,50+,M,China,VIVO,2000-4000,100-1000,100-1000,100000-500000,5000000000-10000000000,0,1,F,41-49,China,HONOR,5000+,Talent,100000-1000000,5000-10000,1000-10000,1000-5000,10000000000-50000000000,10000000+,1000000000000-5000000000000,other,1,6,1
15084,185606,29502,0,0.21341713142915542,598,0.30639915547443947,10652,0.2926243062303998,24-30,M,China,SAMSUNG,5000+,0-10,10-100,0-50000,1000000000-5000000000,1,1,M,50+,China,HUAWEI,5000+,Group,10000000+,100000+,1000-10000,1000-5000,10000000000-50000000000,10000000+,100000000000000+,other,1,13,2
14173,10346481,24808,1,0.6942302609601739,1004,0.3468452609578493,46,0.2926243062303998,50+,M,China,XIAOMI,2000-4000,10000-100000,1000-10000,100000-500000,10000000000-50000000000,1,1,F,41-49,China,VIVO,2000-4000,Relationship,10000-100000,1000-5000,100-1000,100-500,1000000000-3000000000,1000000-5000000,100000000000-500000000000,other,1,18,1
8098,5023769,71904,0,0.1485917161453142,1406,0.09580785636312185,793,0.2926243062303998,24-30,M,China,HONOR,1000-2000,100-1000,10-100,100000-500000,10000000000-50000000000,1,1,M,18-23,China,APPLE,5000+,Chat,100000-1000000,1000-5000,100-1000,50-100,1000000000-3000000000,10000000+,500000000000-1000000000000,other,1,15,2
1041,85706,57239,1,0.8645487122011777,2203,0.35758701568228274,58,0.2926243062303998,50+,M,China,HONOR,1000-2000,1000-10000,1000-10000,100000-500000,10000000000-50000000000,0,1,M,31-40,China,APPLE,5000+,E-Commerce,10000-100000,1000-5000,1000-10000,1000-5000,3000000000-10000000000,5000000-10000000,100000000000-500000000000,other,1,20,5
4178,2932048,185980,0,0.0649824438427216,163,0.3447665028617699,58,0.2926243062303998,31-40,M,China,VIVO,5000+,100-1000,100-1000,100000-500000,1000000000-5000000000,0,1,F,50+,China,VIVO,2000-4000,Talent,100-1000,50-100,100-1000,50-100,500000000-1000000000,100000-500000,1000000000-5000000000,other,1,10,5
13288,1207801,154093,1,0.6433386561571913,942,0.2892228365203083,1985,0.2926243062303998,31-40,M,China,HONOR,1000-2000,100-1000,100-1000,50000-100000,1000000000-5000000000,1,1,F,50+,China,HUAWEI,4000-5000,Chat,10000-100000,500-1000,10-100,50-100,100000000-500000000,5000000-10000000,50000000000-100000000000,other,1,5,0
21972,6748460,427599,0,0.09740447560243146,1139,0.06961979987029938,1343,0.2926243062303998,12-17,F,China,OPPO,1000-2000,1000-10000,1000-10000,50000-100000,1000000000-5000000000,1,1,F,18-23,China,APPLE,5000+,Chat,100000-1000000,5000-10000,1000-10000,1000-5000,10000000000-50000000000,10000000+,1000000000000-5000000000000,other,1,14,6
13615,1850002,363207,0,0.1810724397676753,2807,0.7941949772394923,102,0.2926243062303998,31-40,F,China,VIVO,1000-2000,100-1000,100-1000,500000-1000000,50000000000-100000000000,1,1,M,31-40,China,HONOR,2000-4000,Lifestyle,2000000-3000000,1000-5000,1000-10000,500-1000,3000000000-10000000000,10000000+,10000000000000-100000000000000,other,1,18,6
15212,6692120,37204,0,0.8413074993530332,4272,0.2945893611609027,0,0.2926243062303998,31-40,M,China,HUAWEI,2000-4000,10-100,1000-10000,100000-500000,1000000000-5000000000,1,1,F,24-30,China,APPLE,5000+,Beauty,1000-10000,50-100,10-100,0-50,0-100000000,100000-500000,1000000000-5000000000,other,1,11,2
2096,2226233,258087,1,0.8653531384568336,1585,0.2561646618790458,3,0.2926243062303998,31-40,F,China,VIVO,2000-4000,1000-10000,100-1000,100000-500000,5000000000-10000000000,1,1,F,31-40,China,APPLE,5000+,Talent,1000-10000,100-500,10-100,100-500,1000000000-3000000000,500000-1000000,10000000000-50000000000,other,1,6,4
19789,787213,261310,1,0.20748420619849628,500,0.1323924504471654,591,0.2926243062303998,18-23,M,China,REALME,2000-4000,100-1000,100-1000,100000-500000,1000000000-5000000000,1,1,M,18-23,China,APPLE,5000+,Chat,100000-1000000,1000-5000,1000-10000,1000-5000,10000000000-50000000000,10000000+,1000000000000-5000000000000,other,1,20,1
18160,4856719,137653,1,0.5671471063341428,1073,0.7649867786963706,223,0.2926243062303998,50+,M,China,OPPO,1000-2000,10-100,10-100,50000-100000,0-1000000000,1,1,F,31-40,China,APPLE,5000+,Chat,10000-100000,100-500,1000-10000,500-1000,1000000000-3000000000,10000000+,100000000000-500000000000,other,1,9,1
19087,10113852,225479,0,0.5055877878471468,587,0.26780851014627516,2,0.2926243062303998,41-49,M,China,HONOR,1000-2000,100-1000,100-1000,0-50000,0-1000000000,1,1,M,41-49,China,VIVO,2000-4000,E-Commerce,1000-10000,50-100,1000-10000,100-500,1000000000-3000000000,100000-500000,5000000000-10000000000,other,1,10,6
10720,11332374,365268,1,0.06402357954939045,1837,0.22522382964290738,55,0.40037919857242893,50+,M,China,HUAWEI,2000-4000,1000-10000,100-1000,100000-500000,10000000000-50000000000,1,1,F,24-30,China,APPLE,5000+,Relationship,100000-1000000,5000-10000,100-1000,100-500,1000000000-3000000000,10000000+,10000000000000-100000000000000,shop,1,8,5
18826,3099825,248582,0,0.5032729882754637,558,0.32882446763408557,4,0.2926243062303998,50+,F,China,HUAWEI,2000-4000,1000-10000,1000-10000,50000-100000,10000000000-50000000000,1,1,F,50+,China,VIVO,2000-4000,Chat,10000-100000,500-1000,100-1000,1000-5000,10000000000-50000000000,1000000-5000000,50000000000-100000000000,other,1,19,6
9102,4567521,231483,0,0.18129622480444474,884,0.20208607325495576,24,0.2926243062303998,41-49,M,China,HUAWEI,2000-4000,100-1000,1000-10000,100000-500000,5000000000-10000000000,0,1,F,50+,China,APPLE,5000+,Talent,1000-10000,100-500,10-100,100-500,1000000000-3000000000,100000-500000,10000000000-50000000000,other,1,19,4
3721,981309,18752,0,0.6047103728227184,509,0.43704810657703336,911,0.2926243062303998,50+,M,China,HONOR,2000-4000,1000-10000,100-1000,100000-500000,10000000000-50000000000,1,1,F,24-30,China,APPLE,5000+,Beauty,1000000-2000000,40000-50000,1000-10000,1000-5000,10000000000-50000000000,10000000+,10000000000000-100000000000000,other,1,13,1
20565,10895032,393981,1,0.48673840899854115,516,0.2945893611609027,0,0.2926243062303998,50+,M,China,HUAWEI,1-1000,100-1000,10-100,100000-500000,10000000000-50000000000,0,1,F,41-49,China,DESKTOP,0,Beauty,10000-100000,100-500,0-10,50-100,100000000-500000000,5000000-10000000,500000000000-1000000000000,other,1,21,4
23585,4568324,44628,0,0.14386853105506126,438,0.11290692244730435,5612,0.2926243062303998,18-23,M,China,APPLE,5000+,100-1000,10-100,0-50000,0-1000000000,0,1,F,18-23,China,APPLE,5000+,Beauty,1000000-2000000,30000-40000,1000-10000,1000-5000,3000000000-10000000000,10000000+,5000000000000-10000000000000,other,1,23,5
12656,952209,289730,1,0.34000884926668024,1312,0.19830499579313626,16091,0.2926243062303998,24-30,F,China,APPLE,5000+,10-100,10-100,50000-100000,5000000000-10000000000,0,1,F,24-30,China,APPLE,5000+,Group,7000000-8000000,100000+,1000-10000,1000-5000,3000000000-10000000000,10000000+,10000000000000-100000000000000,other,1,20,5
14251,3673520,6879,0,0.3128312785589207,408,0.43101527106136317,228,0.40037919857242893,31-40,F,China,VIVO,1000-2000,100-1000,1000-10000,100000-500000,10000000000-50000000000,1,1,M,41-49,China,HUAWEI,5000+,Chat,100000-1000000,1000-5000,100-1000,1000-5000,10000000000-50000000000,10000000+,10000000000000-100000000000000,shop,1,9,3
2868,9179358,9172,1,0.24501008502706992,653,0.18789969579090604,22,0.2926243062303998,41-49,M,China,HUAWEI,2000-4000,100-1000,100-1000,0-50000,1000000000-5000000000,0,1,F,41-49,China,APPLE,5000+,Talent,10000-100000,100-500,100-1000,50-100,0-100000000,1000000-5000000,10000000000-50000000000,other,1,23,1
14484,1939972,438637,0,0.439006397336517,572,0.3701689143179168,701,0.2926243062303998,41-49,M,China,OPPO,1000-2000,100-1000,100-1000,50000-100000,10000000000-50000000000,1,1,M,50+,China,APPLE,5000+,Chat,100000-1000000,5000-10000,10-100,1000-5000,10000000000-50000000000,10000000+,10000000000000-100000000000000,other,1,17,1
9663,3612011,360828,1,0.7671560591809088,440,0.2871578009674189,4,0.2926243062303998,41-49,M,China,HONOR,1000-2000,100-1000,1000-10000,100000-500000,1000000000-5000000000,0,1,F,31-40,China,VIVO,4000-5000,Chat,10000-100000,500-1000,10-100,1000-5000,10000000000-50000000000,5000000-10000000,100000000000-500000000000,other,1,6,2
16260,6238490,348578,1,0.2157414457498132,151,0.7072859275532691,322,0.2926243062303998,50+,M,China,VIVO,2000-4000,100-1000,100-1000,0-50000,5000000000-10000000000,1,1,M,41-49,China,HUAWEI,2000-4000,Lifestyle,10000-100000,100-500,100-1000,100-500,1000000000-3000000000,5000000-10000000,100000000000-500000000000,other,1,19,0
10482,4378733,237936,0,0.12039292620263091,519,0.04071447812404402,1844,0.2926243062303998,12-17,F,China,OPPO,1000-2000,100-1000,100-1000,0-50000,0-1000000000,0,1,F,31-40,China,OPPO,2000-4000,Talent,10000-100000,5000-10000,100-1000,1000-5000,3000000000-10000000000,10000000+,500000000000-1000000000000,other,1,16,5
11991,3829170,98065,1,0.38279040267857234,4170,0.6206710438406955,236,0.2926243062303998,50+,M,China,VIVO,1000-2000,100-1000,100-1000,500000-1000000,10000000000-50000000000,1,1,F,50+,China,OPPO,1000-2000,Other,10000-100000,100-500,10-100,50-100,100000000-500000000,1000000-5000000,50000000000-100000000000,other,1,0,1
3472,619797,439652,1,0.4283781914700322,540,0.3825343696772702,32,0.2926243062303998,50+,M,China,HUAWEI,2000-4000,1000-10000,1000-10000,0-50000,0-1000000000,1,1,F,50+,China,HUAWEI,2000-4000,Chat,1000-10000,100-500,100-1000,1000-5000,3000000000-10000000000,500000-1000000,10000000000-50000000000,other,1,8,0
2759,6845336,310282,0,0.08785616314936102,343,0.06869296682790314,124,0.2926243062303998,18-23,F,China,HONOR,1000-2000,1000-10000,1000-10000,0-50000,0-1000000000,0,1,M,24-30,China,APPLE,5000+,Beauty,10000-100000,500-1000,100-1000,100-500,1000000000-3000000000,1000000-5000000,10000000000-50000000000,other,1,20,5
5996,7184446,319033,0,0.08739727465891697,425,0.37545370873562306,17,0.2926243062303998,12-17,M,China,IQOO,2000-4000,10-100,10-100,0-50000,0-1000000000,0,1,M,31-40,China,APPLE,5000+,Lifestyle,100000-1000000,5000-10000,10-100,1000-5000,10000000000-50000000000,10000000+,500000000000-1000000000000,other,1,14,0
20278,4098963,140518,1,0.39683331388579424,2351,0.3384497096185921,24,0.2926243062303998,24-30,F,China,OPPO,2000-4000,100-1000,1000-10000,100000-500000,10000000000-50000000000,0,1,F,31-40,China,VIVO,2000-4000,E-Commerce,1000-10000,10-50,10-100,100-500,500000000-1000000000,1000000-5000000,10000000000-50000000000,other,1,15,0
3505,8555922,267201,0,0.7354626633768719,1432,0.31567148892872215,5,0.1333639551880933,24-30,F,China,VIVO,1000-2000,1000-10000,1000-10000,100000-500000,1000000000-5000000000,1,1,M,24-30,China,XIAOMI,1000-2000,Game,100-1000,0-10,10-100,100-500,100000000-500000000,0-50000,0-1000000000,game,1,11,0
18366,962853,110207,1,0.1947027089676103,529,0.21921631175605705,16,0.2926243062303998,24-30,M,China,HUAWEI,2000-4000,100-1000,100-1000,100000-500000,1000000000-5000000000,1,1,F,24-30,China,APPLE,5000+,Beauty,1000-10000,0-10,0-10,50-100,100000000-500000000,100000-500000,1000000000-5000000000,other,1,15,0
16894,1080885,260048,1,0.22915092304754106,237,0.2416214313149419,530,0.40037919857242893,18-23,F,China,APPLE,5000+,100-1000,100-1000,100000-500000,5000000000-10000000000,0,1,F,24-30,China,APPLE,5000+,E-Commerce,6000000-7000000,40000-50000,10-100,1000-5000,10000000000-50000000000,10000000+,10000000000000-100000000000000,shop,1,1,6
15187,2563173,337323,1,0.6995976334506764,746,0.41553945024185474,76,0.2926243062303998,31-40,F,China,VIVO,2000-4000,100-1000,1000-10000,500000-1000000,10000000000-50000000000,0,1,M,31-40,China,APPLE,5000+,Chat,1000000-2000000,50000-60000,1000-10000,500-1000,3000000000-10000000000,10000000+,10000000000000-100000000000000,other,1,23,3
5344,4937666,333401,0,0.02979589631323744,2225,0.25356170202925504,90,0.2926243062303998,31-40,M,China,VIVO,1000-2000,0-10,0-10,100000-500000,10000000000-50000000000,0,1,F,31-40,China,APPLE,5000+,Beauty,100000-1000000,1000-5000,100-1000,1000-5000,3000000000-10000000000,10000000+,100000000000-500000000000,other,1,21,6
10413,6649907,133569,1,0.5569475825846529,461,0.2945893611609027,0,0.2926243062303998,41-49,M,China,OPPO,2000-4000,10-100,100-1000,0-50000,1000000000-5000000000,1,1,F,31-40,China,VIVO,1000-2000,Other,1000-10000,10-50,0-10,0-50,100000000-500000000,100000-500000,5000000000-10000000000,other,1,4,0
11083,10111496,305927,1,0.7498134262469277,560,0.2756714889287222,5,0.40037919857242893,41-49,M,China,ONEPLUS,1000-2000,100-1000,1000-10000,100000-500000,5000000000-10000000000,0,1,M,50+,China,XIAOMI,1000-2000,Other,100000-1000000,500-1000,100-1000,1000-5000,10000000000-50000000000,5000000-10000000,100000000000-500000000000,shop,1,14,6
2235,1767521,150877,0,0.4093872339286111,75,0.24791898506188564,32,0.2926243062303998,50+,M,China,OPPO,1000-2000,100-1000,1000-10000,100000-500000,1000000000-5000000000,1,1,F,41-49,China,OPPO,2000-4000,Chat,10000-100000,500-1000,1000-10000,1000-5000,3000000000-10000000000,1000000-5000000,50000000000-100000000000,other,1,5,3
13652,3627540,114028,0,0.6720215906940311,1267,0.46829946716050774,567,0.2926243062303998,50+,M,China,OPPO,1000-2000,100-1000,10-100,100000-500000,1000000000-5000000000,0,1,F,41-49,China,VIVO,2000-4000,Chat,10000-100000,1000-5000,1000-10000,1000-5000,3000000000-10000000000,5000000-10000000,100000000000-500000000000,other,1,12,5
23398,7605149,216375,0,0.08058769185707787,1021,0.12984457901086263,9298,0.2926243062303998,18-23,F,China,APPLE,5000+,100-1000,100-1000,100000-500000,1000000000-5000000000,0,1,F,24-30,China,APPLE,5000+,Beauty,7000000-8000000,100000+,1000-10000,1000-5000,3000000000-10000000000,10000000+,10000000000000-100000000000000,other,1,0,6
3944,6792647,255312,1,0.9250478048396309,2423,0.21201873790077466,1036,0.1333639551880933,18-23,M,China,IQOO,2000-4000,10-100,10-100,100000-500000,1000000000-5000000000,0,1,M,31-40,China,APPLE,5000+,Other,4000000-5000000,100000+,1000-10000,100-500,1000000000-3000000000,10000000+,5000000000000-10000000000000,game,1,1,6
6480,3970305,86434,0,0.034808924558789985,494,0.08889672222491365,350,0.2926243062303998,18-23,M,China,IQOO,2000-4000,100-1000,100-1000,0-50000,0-1000000000,1,1,M,24-30,China,APPLE,4000-5000,Game,10000-100000,1000-5000,100-1000,1000-5000,3000000000-10000000000,10000000+,50000000000-100000000000,other,1,3,2
2733,2069227,298468,0,0.05923332535781402,1582,0.11827327727722985,89,0.2926243062303998,31-40,M,China,VIVO,2000-4000,100-1000,1000-10000,100000-500000,1000000000-5000000000,1,1,F,50+,China,OPPO,1000-2000,Relationship,10000-100000,1000-5000,100-1000,5000-10000,50000000000-100000000000,10000000+,1000000000000-5000000000000,other,1,11,6
21076,4543430,135027,0,0.4081289240610052,754,0.3865994444877414,3,0.2926243062303998,31-40,M,China,OPPO,2000-4000,1000-10000,1000-10000,100000-500000,5000000000-10000000000,1,1,M,31-40,China,OPPO,2000-4000,Chat,1000-10000,10-50,1000-10000,1000-5000,1000000000-3000000000,50000-100000,1000000000-5000000000,other,1,22,5
6652,11601815,25384,0,0.05348548416639732,408,0.12296284416032732,524,0.2926243062303998,12-17,M,China,APPLE,5000+,1000-10000,100-1000,50000-100000,0-1000000000,0,1,M,24-30,China,APPLE,5000+,Chat,100000-1000000,1000-5000,100-1000,500-1000,1000000000-3000000000,10000000+,500000000000-1000000000000,other,1,11,6
15923,7845921,254794,1,0.6514891700048319,646,0.12176482565541517,168,0.2926243062303998,50+,F,China,HONOR,2000-4000,10000-100000,1000-10000,100000-500000,10000000000-50000000000,1,1,M,24-30,China,APPLE,5000+,Chat,10000-100000,100-500,10-100,0-50,100000000-500000000,10000000+,50000000000-100000000000,other,1,15,1
8239,9859748,334877,0,0.2229300430747121,612,0.21042097225778764,8,0.2926243062303998,50+,F,China,HUAWEI,2000-4000,100-1000,10-100,100000-500000,1000000000-5000000000,0,1,M,31-40,China,APPLE,5000+,Lifestyle,10000-100000,100-500,100-1000,500-1000,1000000000-3000000000,1000000-5000000,10000000000-50000000000,other,1,19,4
23483,9538203,191109,1,0.5059349558888785,383,0.3783758862670965,22,0.2926243062303998,50+,M,China,OPPO,2000-4000,1000-10000,1000-10000,50000-100000,1000000000-5000000000,1,1,F,41-49,China,HONOR,2000-4000,Chat,10000-100000,1000-5000,1000-10000,5000-10000,10000000000-50000000000,10000000+,500000000000-1000000000000,other,1,11,6
1887,7744646,398224,1,0.03738779275875504,833,0.2191907084698904,89,0.2926243062303998,31-40,M,China,XIAOMI,2000-4000,100-1000,100-1000,100000-500000,1000000000-5000000000,0,1,F,31-40,China,HUAWEI,5000+,Chat,10000-100000,10-50,0-10,5000-10000,10000000000-50000000000,1000000-5000000,10000000000-50000000000,other,1,0,4
7304,590323,248966,1,0.47617066751636344,635,0.378779878153227,249,0.2926243062303998,50+,M,China,HONOR,1000-2000,100-1000,100-1000,100000-500000,1000000000-5000000000,0,1,F,31-40,China,VIVO,2000-4000,Chat,1000-10000,100-500,10-100,100-500,1000000000-3000000000,1000000-5000000,10000000000-50000000000,other,1,6,5
1298,5701686,180825,1,0.1334096876085655,309,0.07408678606674585,208,0.2926243062303998,18-23,M,China,OPPO,2000-4000,100-1000,100-1000,50000-100000,0-1000000000,1,1,M,31-40,China,APPLE,5000+,Talent,1000000-2000000,5000-10000,100-1000,1000-5000,3000000000-10000000000,10000000+,1000000000000-5000000000000,other,1,22,3
19027,7566361,115250,1,0.9494865537230558,2041,0.4475867964786734,87,0.2926243062303998,31-40,M,China,REALME,1000-2000,100-1000,100-1000,100000-500000,1000000000-5000000000,1,1,F,50+,China,APPLE,5000+,Chat,10000-100000,1000-5000,100-1000,1000-5000,10000000000-50000000000,10000000+,500000000000-1000000000000,other,1,2,1
12192,9378246,22663,1,0.5757118879301517,1022,0.32882446763408557,4,0.2926243062303998,50+,F,China,OPPO,1000-2000,1000-10000,1000-10000,100000-500000,5000000000-10000000000,1,1,F,24-30,China,APPLE,5000+,Chat,1000-10000,100-500,1000-10000,1000-5000,3000000000-10000000000,500000-1000000,10000000000-50000000000,other,1,6,3
23741,9336734,239627,1,0.5920416600048246,647,0.39942191216227046,2243,0.2926243062303998,50+,M,China,OPPO,1000-2000,10-100,100-1000,50000-100000,1000000000-5000000000,0,1,M,31-40,China,HUAWEI,5000+,Group,1000000-2000000,60000-70000,1000-10000,1000-5000,10000000000-50000000000,10000000+,10000000000000-100000000000000,other,1,23,0
14211,7550690,289296,0,0.2945893611609027,0,0.2545737813941308,11,0.2926243062303998,41-49,M,China,VIVO,2000-4000,100-1000,100-1000,0-50000,0-1000000000,1,1,M,50+,China,VIVO,1000-2000,Chat,10000-100000,500-1000,100-1000,100-500,1000000000-3000000000,1000000-5000000,100000000000-500000000000,other,1,20,3
1622,8129730,317692,1,0.7107637010962867,1187,0.5193866787656098,26,0.2926243062303998,50+,M,China,OPPO,1000-2000,100-1000,100-1000,50000-100000,5000000000-10000000000,0,1,M,31-40,China,APPLE,5000+,Lifestyle,10000-100000,500-1000,1000-10000,1000-5000,3000000000-10000000000,10000000+,100000000000-500000000000,other,1,5,2
13101,9447516,475,1,0.27305304400637237,485,0.3739525942199359,322,0.2926243062303998,31-40,M,China,VIVO,2000-4000,100-1000,10-100,50000-100000,1000000000-5000000000,1,1,F,24-30,China,APPLE,5000+,Beauty,100000-1000000,1000-5000,10-100,1000-5000,3000000000-10000000000,10000000+,100000000000-500000000000,other,1,3,2
11458,9409657,201629,1,0.3665225828634746,37,0.5869689031594373,19,0.2926243062303998,31-40,M,China,VIVO,2000-4000,100-1000,100-1000,100000-500000,5000000000-10000000000,1,1,F,31-40,China,XIAOMI,5000+,Other,100-1000,10-50,10-100,100-500,100000000-500000000,100000-500000,0-1000000000,other,1,1,2
6691,3686579,308180,1,0.021502873077438152,254,0.2945893611609027,0,0.2926243062303998,18-23,M,China,REALME,1000-2000,1000-10000,10-100,0-50000,0-1000000000,1,1,M,31-40,China,APPLE,5000+,Other,10000-100000,100-500,1000-10000,500-1000,3000000000-10000000000,10000000+,500000000000-1000000000000,other,1,19,6
15184,8455254,233764,0,0.1691571464075719,405,0.2945893611609027,0,0.2926243062303998,12-17,F,China,APPLE,5000+,100-1000,10-100,100000-500000,1000000000-5000000000,1,1,F,18-23,China,APPLE,5000+,Chat,10000-100000,100-500,100-1000,500-1000,1000000000-3000000000,5000000-10000000,100000000000-500000000000,other,1,14,5
3923,8476450,328156,0,0.6663635496448684,337,0.28056129634371685,1,0.2926243062303998,41-49,M,China,HUAWEI,2000-4000,100-1000,1000-10000,50000-100000,1000000000-5000000000,1,1,M,41-49,China,HONOR,1000-2000,Other,1000-10000,50-100,1000-10000,1000-5000,3000000000-10000000000,1000000-5000000,10000000000-50000000000,other,1,11,1
13416,6272817,412621,1,0.39412668504635634,373,0.5273813038577786,323,0.2926243062303998,31-40,M,China,VIVO,1000-2000,100-1000,100-1000,50000-100000,10000000000-50000000000,1,1,M,31-40,China,APPLE,4000-5000,Other,1000-10000,0-10,0-10,0-50,0-100000000,1000000-5000000,10000000000-50000000000,other,1,22,5
247,1724959,207231,1,0.9629533895746546,3546,0.3251243498016152,115,0.2926243062303998,31-40,M,China,VIVO,1000-2000,100-1000,1000-10000,50000-100000,0-1000000000,0,1,F,41-49,China,APPLE,5000+,Beauty,100000-1000000,1000-5000,100-1000,1000-5000,10000000000-50000000000,10000000+,100000000000-500000000000,other,1,12,4
939,6962884,261271,1,0.28056129634371685,1,0.21598176287107382,211,0.2926243062303998,12-17,F,China,APPLE,2000-4000,100-1000,100-1000,0-50000,0-1000000000,0,1,M,24-30,China,APPLE,5000+,Talent,1000-10000,100-500,10-100,100-500,1000000000-3000000000,1000000-5000000,10000000000-50000000000,other,1,16,4
16882,5231452,383470,0,0.49063791332294593,312,0.2650687393545405,6,0.2926243062303998,41-49,M,China,HUAWEI,1000-2000,10-100,100-1000,0-50000,0-1000000000,1,1,F,41-49,China,APPLE,5000+,Other,10000-100000,100-500,100-1000,500-1000,3000000000-10000000000,1000000-5000000,50000000000-100000000000,other,1,7,0
9843,198505,255521,1,0.8292380318841421,332,0.3440728312157318,32,0.2926243062303998,50+,F,China,VIVO,2000-4000,1000-10000,1000-10000,100000-500000,10000000000-50000000000,0,1,F,41-49,China,VIVO,2000-4000,Talent,100000-1000000,1000-5000,1000-10000,1000-5000,10000000000-50000000000,10000000+,1000000000000-5000000000000,other,1,23,4
11581,7588553,349189,0,0.3299384657378712,601,0.2620188128759795,75,0.2926243062303998,41-49,M,China,HONOR,1000-2000,10-100,100-1000,100000-500000,10000000000-50000000000,0,1,F,31-40,China,APPLE,5000+,Beauty,10000-100000,100-500,100-1000,100-500,1000000000-3000000000,1000000-5000000,50000000000-100000000000,other,1,21,2
566,9350994,112891,0,0.39004087659140346,513,0.09008995892633842,778,0.2926243062303998,18-23,M,China,APPLE,5000+,1000-10000,1000-10000,50000-100000,0-1000000000,0,1,M,24-30,China,APPLE,5000+,Relationship,100000-1000000,1000-5000,1000-10000,1000-5000,10000000000-50000000000,10000000+,1000000000000-5000000000000,other,1,0,5
20342,10315140,421048,0,0.5052238296429074,55,0.3630595741072684,10,0.2926243062303998,50+,M,China,OPPO,2000-4000,100-1000,100-1000,100000-500000,10000000000-50000000000,0,1,F,50+,China,HUAWEI,2000-4000,Other,100000-1000000,1000-5000,1000-10000,1000-5000,50000000000-100000000000,10000000+,500000000000-1000000000000,other,1,20,2
16725,10848972,15848,0,0.2214206460979115,115,0.3346813606180722,147,0.2926243062303998,31-40,M,China,HUAWEI,2000-4000,100-1000,1000-10000,50000-100000,1000000000-5000000000,1,1,F,31-40,China,APPLE,5000+,Chat,100000-1000000,1000-5000,100-1000,1000-5000,10000000000-50000000000,10000000+,1000000000000-5000000000000,other,1,23,1
4374,3258995,244121,1,0.16408070430673036,473,0.28382121516646386,13696,0.2926243062303998,31-40,M,China,HUAWEI,5000+,10-100,100-1000,0-50000,1000000000-5000000000,0,1,M,24-30,China,HUAWEI,5000+,Group,10000000+,100000+,1000-10000,1000-5000,10000000000-50000000000,10000000+,100000000000000+,other,1,0,4
20022,7838335,134628,1,0.07862145932844382,958,0.15703459291032967,2431,0.2926243062303998,31-40,M,China,HONOR,1000-2000,10-100,0-10,50000-100000,1000000000-5000000000,1,1,M,41-49,China,APPLE,5000+,Lifestyle,8000000-9000000,100000+,10-100,500-1000,3000000000-10000000000,10000000+,10000000000000-100000000000000,other,1,21,3
17986,6640179,203839,1,0.6640893758069801,1186,0.25329737728414076,23,0.2926243062303998,41-49,M,China,HONOR,5000+,1000-10000,1000-10000,100000-500000,10000000000-50000000000,1,1,M,41-49,China,HUAWEI,5000+,Chat,10000-100000,100-500,100-1000,100-500,500000000-1000000000,5000000-10000000,1000000000000-5000000000000,other,1,19,2
21518,5742988,258838,0,0.17916695507946903,398,0.3646730594819444,51,0.2926243062303998,24-30,M,China,APPLE,5000+,100-1000,10-100,50000-100000,0-1000000000,0,1,F,18-23,China,APPLE,5000+,Chat,1000-10000,10-50,100-1000,50-100,100000000-500000000,100000-500000,1000000000-5000000000,other,1,19,4
11627,3185304,249515,1,0.9530338446682942,2367,0.4725451286654532,75,0.2926243062303998,50+,M,China,OPPO,1-1000,10-100,10-100,50000-100000,5000000000-10000000000,0,0,F,31-40,China,HUAWEI,2000-4000,Chat,100-1000,10-50,100-1000,100-500,500000000-1000000000,100000-500000,1000000000-5000000000,other,1,11,5
2846,5062197,365415,0,0.08625821501147955,1567,0.33812313240889474,27,0.2926243062303998,31-40,M,China,HONOR,2000-4000,100-1000,100-1000,100000-500000,10000000000-50000000000,1,1,F,41-49,China,APPLE,5000+,Beauty,100000-1000000,1000-5000,10-100,1000-5000,10000000000-50000000000,10000000+,100000000000-500000000000,other,1,16,1
4457,6961737,161050,1,0.9424195138897974,1076,0.4319205136456236,33,0.2926243062303998,50+,F,China,APPLE,5000+,100-1000,100-1000,100000-500000,10000000000-50000000000,0,0,M,31-40,China,APPLE,5000+,E-Commerce,10000-100000,1000-5000,100-1000,50-100,100000000-500000000,1000000-5000000,100000000000-500000000000,other,1,21,2
3891,9482867,8508,0,0.19758186178044004,521,0.29228841567474273,7,0.2926243062303998,41-49,M,China,HUAWEI,2000-4000,1000-10000,100-1000,100000-500000,10000000000-50000000000,1,1,F,31-40,China,HONOR,2000-4000,Chat,100-1000,10-50,100-1000,0-50,100000000-500000000,0-50000,0-1000000000,other,1,19,2
21492,105669,125113,1,0.5711005722091741,1181,0.26305957410726843,10,0.2926243062303998,50+,F,China,HUAWEI,2000-4000,1000-10000,1000-10000,50000-100000,5000000000-10000000000,1,1,M,50+,China,HONOR,2000-4000,Talent,100-1000,10-50,10-100,50-100,100000000-500000000,100000-500000,5000000000-10000000000,other,1,13,4
8187,6322983,96166,1,0.7510588843870758,350,0.5528386572839729,347,0.2926243062303998,50+,M,China,HUAWEI,1000-2000,1000-10000,1000-10000,100000-500000,10000000000-50000000000,1,1,F,31-40,China,APPLE,5000+,Talent,100000-1000000,1000-5000,0-10,1000-5000,10000000000-50000000000,10000000+,1000000000000-5000000000000,other,1,1,5
1715,5183818,335509,0,0.2945893611609027,0,0.056284454879463895,1737,0.2926243062303998,12-17,M,China,OPPO,1-1000,1000-10000,100-1000,0-50000,0-1000000000,1,1,F,24-30,China,VIVO,2000-4000,Hobbies,10000-100000,1000-5000,100-1000,100-500,500000000-1000000000,10000000+,100000000000-500000000000,other,1,2,5
23377,4862603,405262,0,0.2010495943281225,258,0.16343279086138884,65,0.2926243062303998,24-30,F,China,REALME,1-1000,100-1000,100-1000,0-50000,0-1000000000,0,1,F,12-17,China,VIVO,1000-2000,Hobbies,1000-10000,10-50,100-1000,100-500,1000000000-3000000000,100000-500000,1000000000-5000000000,other,1,7,1
10737,5949764,121449,1,0.6879354429800869,2028,0.43411835072556415,12,0.2926243062303998,31-40,M,China,HONOR,2000-4000,1000-10000,1000-10000,100000-500000,10000000000-50000000000,1,1,F,24-30,China,APPLE,5000+,Chat,1000-10000,10-50,100-1000,500-1000,3000000000-10000000000,100000-500000,10000000000-50000000000,other,1,19,2
10766,7583346,291536,0,0.03737703093547506,860,0.33843637218863615,612,0.2926243062303998,50+,M,China,VIVO,1000-2000,100-1000,1000-10000,100000-500000,1000000000-5000000000,1,1,F,50+,China,VIVO,1000-2000,Beauty,10000-100000,100-500,0-10,0-50,100000000-500000000,1000000-5000000,50000000000-100000000000,other,1,6,6
16959,7905042,251257,1,0.9534633802654204,6171,0.3799217830782672,85,0.2926243062303998,50+,M,China,VIVO,2000-4000,100-1000,100-1000,100000-500000,5000000000-10000000000,0,1,F,31-40,China,VIVO,2000-4000,Chat,10000-100000,100-500,100-1000,1000-5000,1000000000-3000000000,1000000-5000000,50000000000-100000000000,other,1,15,4
14909,2779196,172080,0,0.07261191482145368,130,0.02636320075218631,2138,0.1333639551880933,12-17,F,China,OPPO,1000-2000,10-100,100-1000,0-50000,0-1000000000,0,1,F,50+,China,HUAWEI,2000-4000,Game,1000-10000,100-500,100-1000,100-500,1000000000-3000000000,10000000+,50000000000-100000000000,game,1,7,4
13106,5252436,264372,0,0.046938678238149414,489,0.1618672524262832,72,0.2926243062303998,12-17,M,China,HONOR,1000-2000,100-1000,100-1000,0-50000,0-1000000000,0,1,M,18-23,China,HUAWEI,5000+,Chat,100000-1000000,1000-5000,1000-10000,1000-5000,3000000000-10000000000,10000000+,500000000000-1000000000000,other,1,20,0
17519,11460460,128795,0,0.24327552424846288,814,0.09706742567912752,51,0.2926243062303998,12-17,F,China,HONOR,1-1000,100-1000,0-10,0-50000,0-1000000000,1,1,F,18-23,China,APPLE,5000+,Hobbies,1000-10000,10-50,100-1000,100-500,100000000-500000000,100000-500000,1000000000-5000000000,other,1,0,2
21445,8556476,253239,0,0.21246397746552934,902,0.3130221548797949,20959,0.2926243062303998,18-23,M,China,APPLE,2000-4000,100-1000,10-100,0-50000,1000000000-5000000000,0,1,M,18-23,China,APPLE,5000+,Group,8000000-9000000,100000+,1000-10000,1000-5000,3000000000-10000000000,10000000+,100000000000000+,other,1,22,6
8790,9685560,179576,1,0.23779201355461116,808,0.3652652200318619,81,0.2926243062303998,50+,M,China,OPPO,1000-2000,100-1000,1000-10000,100000-500000,1000000000-5000000000,0,1,F,24-30,China,VIVO,2000-4000,Talent,10000-100000,1000-5000,0-10,1000-5000,10000000000-50000000000,10000000+,100000000000-500000000000,other,1,10,2
4457,9158382,351528,1,0.9424195138897974,1076,0.22021828191144543,34,0.2926243062303998,50+,F,China,APPLE,5000+,100-1000,100-1000,100000-500000,10000000000-50000000000,0,0,M,31-40,China,APPLE,5000+,Chat,10000-100000,100-500,0-10,0-50,0-100000000,500000-1000000,50000000000-100000000000,other,1,22,5
22509,5750688,71987,0,0.3970814903504395,1045,0.32818034396276446,1,0.2926243062303998,41-49,M,China,VIVO,2000-4000,100-1000,10-100,100000-500000,10000000000-50000000000,1,1,F,31-40,China,VIVO,1000-2000,Chat,1000-10000,50-100,100-1000,1000-5000,3000000000-10000000000,100000-500000,10000000000-50000000000,other,1,9,6
17870,357405,171524,1,0.6527648019164323,827,0.44113440138263893,1154,0.2926243062303998,50+,F,China,HONOR,2000-4000,1000-10000,100-1000,100000-500000,5000000000-10000000000,1,1,M,31-40,China,HUAWEI,5000+,Chat,8000000-9000000,100000+,10-100,1000-5000,3000000000-10000000000,10000000+,100000000000000+,other,1,18,3
1640,5203720,1342,1,0.4100616283868294,9,0.2609191679089689,428,0.2926243062303998,41-49,F,China,HUAWEI,5000+,100-1000,10-100,50000-100000,5000000000-10000000000,0,1,F,41-49,China,OPPO,2000-4000,Education,100000-1000000,10000-20000,100-1000,500-1000,10000000000-50000000000,5000000-10000000,500000000000-1000000000000,other,1,9,6
2247,8394382,25035,0,0.19444930742150682,576,0.4491012528213427,768,0.2926243062303998,31-40,M,China,HONOR,1000-2000,1000-10000,1000-10000,100000-500000,10000000000-50000000000,1,1,F,24-30,China,XIAOMI,2000-4000,Lifestyle,100000-1000000,10000-20000,100-1000,500-1000,10000000000-50000000000,10000000+,5000000000000-10000000000000,other,1,13,1
16241,11025280,35336,0,0.10243533836715248,223,0.1330917861815003,152,0.2926243062303998,24-30,M,China,HONOR,2000-4000,100-1000,100-1000,50000-100000,0-1000000000,1,1,M,24-30,China,APPLE,5000+,Chat,100000-1000000,1000-5000,1000-10000,1000-5000,10000000000-50000000000,10000000+,100000000000-500000000000,other,1,18,6
10150,6474269,87984,0,0.100694244413809,2849,0.06653549966450673,805,0.2926243062303998,18-23,F,China,APPLE,5000+,100-1000,100-1000,50000-100000,1000000000-5000000000,1,1,F,24-30,China,APPLE,5000+,Chat,100000-1000000,1000-5000,1000-10000,1000-5000,10000000000-50000000000,10000000+,1000000000000-5000000000000,other,1,14,4
21635,2308909,190557,0,0.16880758045474345,163,0.3088635051831274,216,0.2926243062303998,12-17,F,China,XIAOMI,1000-2000,0-10,10-100,0-50000,0-1000000000,0,0,F,24-30,China,APPLE,5000+,E-Commerce,10000-100000,1000-5000,10-100,100-500,1000000000-3000000000,5000000-10000000,100000000000-500000000000,other,1,11,6
4268,10275940,242403,0,0.13446650892861794,61,0.5256655862693096,794,0.2926243062303998,31-40,M,China,HUAWEI,5000+,1000-10000,100-1000,50000-100000,5000000000-10000000000,1,1,M,41-49,China,APPLE,5000+,Lifestyle,1000-10000,10-50,100-1000,0-50,100000000-500000000,5000000-10000000,50000000000-100000000000,other,1,11,0
13678,2829335,436506,0,0.49928807383696094,132,0.24031857360048792,17,0.40037919857242893,50+,F,China,DESKTOP,0,10-100,10-100,0-50000,0-1000000000,0,1,M,31-40,China,XIAOMI,2000-4000,Chat,10000-100000,1000-5000,1000-10000,500-1000,3000000000-10000000000,10000000+,1000000000000-5000000000000,shop,1,10,1
2659,9410798,301924,0,0.08321467897282682,892,0.08848810082673353,250,0.2926243062303998,18-23,M,China,APPLE,5000+,10-100,10-100,0-50000,0-1000000000,1,1,M,24-30,China,APPLE,5000+,Chat,100-1000,10-50,100-1000,50-100,100000000-500000000,500000-1000000,5000000000-10000000000,other,1,8,6
8790,4393193,400236,1,0.23779201355461116,808,0.37744460729686297,38,0.2926243062303998,50+,M,China,OPPO,1000-2000,100-1000,1000-10000,100000-500000,1000000000-5000000000,0,1,F,24-30,China,VIVO,2000-4000,Beauty,1000-10000,100-500,100-1000,1000-5000,3000000000-10000000000,5000000-10000000,50000000000-100000000000,other,1,1,2
12018,2326247,198155,1,0.8771113696687702,876,0.7844294311681994,231,0.2926243062303998,50+,M,China,HONOR,1000-2000,100-1000,1000-10000,50000-100000,1000000000-5000000000,1,1,M,31-40,China,APPLE,5000+,Hobbies,100000-1000000,1000-5000,10-100,100-500,100000000-500000000,10000000+,100000000000-500000000000,other,1,9,6
19809,10102437,340208,1,0.19696208760915482,2254,0.26859797256812523,8174,0.2926243062303998,50+,M,China,OPPO,1000-2000,100-1000,10-100,100000-500000,10000000000-50000000000,0,0,M,31-40,China,HUAWEI,5000+,Group,7000000-8000000,80000-90000,1000-10000,1000-5000,10000000000-50000000000,10000000+,10000000000000-100000000000000,other,1,12,2
1269,11302402,255615,1,0.6004755814674511,173,0.28134327616158844,495,0.2926243062303998,24-30,M,China,APPLE,2000-4000,100-1000,1000-10000,50000-100000,1000000000-5000000000,1,1,M,50+,China,OPPO,1000-2000,Lifestyle,10000-100000,100-500,0-10,500-1000,1000000000-3000000000,10000000+,100000000000-500000000000,other,1,17,4
18698,2115010,145486,1,0.3284811782771215,71,0.24944463135382644,625,0.2926243062303998,31-40,M,China,VIVO,1000-2000,10-100,100-1000,0-50000,1000000000-5000000000,0,1,F,24-30,China,APPLE,5000+,Lifestyle,100000-1000000,1000-5000,100-1000,500-1000,1000000000-3000000000,10000000+,1000000000000-5000000000000,other,1,13,6
19501,4099565,445646,1,0.11581615219442977,264,0.26305957410726843,10,0.2926243062303998,12-17,F,China,APPLE,5000+,100-1000,0-10,50000-100000,0-1000000000,0,1,F,24-30,China,APPLE,5000+,Beauty,100-1000,100-500,100-1000,100-500,500000000-1000000000,100000-500000,1000000000-5000000000,other,1,1,6
2312,9774691,289730,1,0.049770068765109574,1103,0.19830499579313626,16091,0.2926243062303998,50+,F,China,VIVO,1000-2000,1000-10000,1000-10000,50000-100000,0-1000000000,1,1,F,24-30,China,APPLE,5000+,Group,7000000-8000000,100000+,1000-10000,1000-5000,3000000000-10000000000,10000000+,10000000000000-100000000000000,other,1,20,2
9532,9602779,226367,1,0.10643760455960127,336,0.07008977331281885,1448,0.2926243062303998,18-23,M,China,APPLE,5000+,1000-10000,1000-10000,50000-100000,0-1000000000,1,1,M,31-40,China,APPLE,5000+,News,100000-1000000,5000-10000,1000-10000,1000-5000,10000000000-50000000000,10000000+,1000000000000-5000000000000,other,1,13,1
2692,1772005,368576,0,0.16545946320611987,898,0.13357612063005028,1731,0.2926243062303998,24-30,F,China,APPLE,5000+,10-100,100-1000,0-50000,5000000000-10000000000,0,1,M,24-30,China,APPLE,5000+,Chat,1000000-2000000,10000-20000,1000-10000,1000-5000,10000000000-50000000000,10000000+,5000000000000-10000000000000,other,1,22,1
12512,6899838,226197,0,0.0839111905947169,658,0.32818034396276446,1,0.2926243062303998,50+,M,China,OPPO,1000-2000,1000-10000,1000-10000,100000-500000,1000000000-5000000000,1,1,F,31-40,China,VIVO,1000-2000,Other,1000-10000,100-500,1000-10000,5000-10000,10000000000-50000000000,1000000-5000000,50000000000-100000000000,other,1,23,6
15377,8529952,111638,0,0.6365997186252339,1447,0.32141706691632316,73,0.2926243062303998,24-30,M,China,HONOR,1000-2000,100-1000,100-1000,100000-500000,5000000000-10000000000,1,1,F,31-40,China,XIAOMI,2000-4000,Lifestyle,1000-10000,100-500,10-100,100-500,1000000000-3000000000,1000000-5000000,10000000000-50000000000,other,1,11,0
863,5831578,115901,1,0.7739513572814104,560,0.31326305560082063,2,0.2926243062303998,41-49,M,China,OPPO,2000-4000,1000-10000,1000-10000,100000-500000,5000000000-10000000000,1,1,F,31-40,China,VIVO,1000-2000,Chat,1000-10000,10-50,1000-10000,500-1000,1000000000-3000000000,100000-500000,5000000000-10000000000,other,1,16,4
22560,10305265,312078,1,0.883490677599686,2470,0.2945893611609027,0,0.2926243062303998,24-30,M,China,OPPO,2000-4000,10-100,100-1000,100000-500000,0-1000000000,0,1,F,41-49,China,HUAWEI,5000+,Chat,1000-10000,50-100,100-1000,1000-5000,3000000000-10000000000,1000000-5000000,10000000000-50000000000,other,1,6,2
11219,8820254,300930,0,0.14588939973653958,651,0.486656881159608,138,0.2926243062303998,41-49,M,China,VIVO,1000-2000,1000-10000,0-10,100000-500000,5000000000-10000000000,1,1,M,31-40,China,APPLE,5000+,Talent,1000000-2000000,20000-30000,100-1000,5000-10000,10000000000-50000000000,10000000+,10000000000000-100000000000000,other,1,17,0
7548,1630231,114023,1,0.8685716595126967,1533,0.46790458768139104,108,0.2926243062303998,50+,M,China,VIVO,1000-2000,100-1000,100-1000,100000-500000,10000000000-50000000000,1,1,F,41-49,China,U-MAGIC,2000-4000,Lifestyle,10000-100000,500-1000,100-1000,1000-5000,3000000000-10000000000,10000000+,500000000000-1000000000000,other,1,20,6
15006,6097260,133093,0,0.07409822686015044,100,0.09185412415111548,14295,0.2926243062303998,12-17,F,China,K-TOUCH,1-1000,100-1000,10-100,50000-100000,0-1000000000,1,1,F,18-23,China,APPLE,5000+,Beauty,5000000-6000000,50000-60000,1000-10000,1000-5000,3000000000-10000000000,10000000+,10000000000000-100000000000000,other,1,21,3
21773,5205459,250291,0,0.1757347454767315,207,0.11587007684274524,74,0.2926243062303998,31-40,M,China,OPPO,1000-2000,10-100,10-100,0-50000,1000000000-5000000000,1,1,F,24-30,China,HONOR,1000-2000,Chat,1000-10000,50-100,1000-10000,100-500,500000000-1000000000,100000-500000,1000000000-5000000000,other,1,2,5
6384,10614912,143472,1,0.4519990372091315,201,0.4774736008599279,7,0.2926243062303998,50+,F,China,XIAOMI,2000-4000,1000-10000,1000-10000,50000-100000,10000000000-50000000000,1,1,F,50+,China,OPPO,1000-2000,Talent,10000-100000,100-500,1000-10000,1000-5000,10000000000-50000000000,10000000+,500000000000-1000000000000,other,1,19,1
10991,274047,186229,0,0.27786835072556415,12,0.49661835072556415,12,0.2926243062303998,50+,M,China,VIVO,1-1000,100-1000,1000-10000,50000-100000,1000000000-5000000000,0,1,F,50+,China,VIVO,2000-4000,Chat,1000-10000,100-500,100-1000,100-500,500000000-1000000000,500000-1000000,5000000000-10000000000,other,1,4,3
16637,1237234,98106,0,0.03601660388745853,449,0.28056129634371685,1,0.2926243062303998,12-17,M,China,HUAWEI,1000-2000,100-1000,100-1000,0-50000,0-1000000000,1,1,F,18-23,China,APPLE,4000-5000,Chat,100-1000,10-50,100-1000,100-500,100000000-500000000,100000-500000,0-1000000000,other,1,4,5
12890,5306330,26279,0,0.15718950164272455,1029,0.4461460779584784,47,0.2926243062303998,31-40,M,China,HUAWEI,5000+,100-1000,100-1000,100000-500000,1000000000-5000000000,1,1,M,31-40,China,OPPO,2000-4000,Chat,10000-100000,500-1000,1000-10000,5000-10000,10000000000-50000000000,10000000+,1000000000000-5000000000000,other,1,13,3
731,9461204,293867,0,0.1743568586309677,226,0.8493735512667033,472,0.2926243062303998,41-49,M,China,VIVO,1000-2000,10-100,100-1000,0-50000,1000000000-5000000000,1,1,M,31-40,China,APPLE,4000-5000,E-Commerce,10000-100000,1000-5000,10-100,100-500,500000000-1000000000,1000000-5000000,10000000000-50000000000,other,1,13,4
5489,7235153,212671,0,0.02900435908101964,390,0.4023780992619148,355,0.2926243062303998,12-17,F,China,HONOR,1000-2000,100-1000,100-1000,0-50000,0-1000000000,0,1,F,41-49,China,DESKTOP,0,Education,1000-10000,100-500,1000-10000,100-500,500000000-1000000000,100000-500000,1000000000-5000000000,other,1,19,1
16139,6872272,37391,1,0.7195871951341828,2277,0.6091071708003343,34,0.2926243062303998,50+,M,China,HUAWEI,1000-2000,100-1000,100-1000,100000-500000,10000000000-50000000000,0,1,F,31-40,China,VIVO,2000-4000,Chat,1000-10000,50-100,100-1000,100-500,1000000000-3000000000,100000-500000,5000000000-10000000000,other,1,11,0
565,8608908,304249,0,0.09313592526337429,258,0.20331576390020514,68,0.2926243062303998,18-23,M,China,APPLE,2000-4000,100-1000,100-1000,100000-500000,1000000000-5000000000,1,1,M,18-23,China,APPLE,5000+,Hobbies,100-1000,10-50,0-10,50-100,0-100000000,500000-1000000,1000000000-5000000000,other,1,3,3
18885,4257321,177252,1,0.650571522927837,753,0.5788787726329779,23,0.2926243062303998,50+,M,China,VIVO,1000-2000,1000-10000,1000-10000,50000-100000,1000000000-5000000000,0,1,M,41-49,China,HUAWEI,5000+,Talent,100000-1000000,1000-5000,100-1000,100-500,1000000000-3000000000,10000000+,1000000000000-5000000000000,other,1,21,5
2298,11526649,38788,0,0.01810644272923884,692,0.21329154657346092,17,0.2926243062303998,18-23,M,China,APPLE,5000+,1000-10000,100-1000,0-50000,0-1000000000,0,1,M,18-23,China,VIVO,2000-4000,Chat,10000-100000,100-500,1000-10000,500-1000,3000000000-10000000000,1000000-5000000,50000000000-100000000000,other,1,22,6
1850,3527820,35566,0,0.16941203930753723,62,0.09548439288388638,314,0.2926243062303998,31-40,F,China,APPLE,5000+,100-1000,10-100,0-50000,0-1000000000,1,1,F,24-30,China,APPLE,5000+,Chat,100000-1000000,100-500,100-1000,100-500,100000000-500000000,10000000+,100000000000-500000000000,other,1,18,4
22807,122546,373472,1,0.4848629446309433,879,0.3157682534044464,119,0.2926243062303998,24-30,M,China,VIVO,2000-4000,10-100,10-100,0-50000,1000000000-5000000000,0,0,F,24-30,China,APPLE,5000+,Other,10000-100000,500-1000,100-1000,100-500,1000000000-3000000000,1000000-5000000,100000000000-500000000000,other,1,23,5
3305,5988898,374968,0,0.11366872094622765,850,0.5759655006305594,334,0.2926243062303998,31-40,M,China,HONOR,1000-2000,10-100,10-100,0-50000,1000000000-5000000000,0,1,F,31-40,China,APPLE,5000+,Beauty,10000-100000,1000-5000,100-1000,0-50,100000000-500000000,1000000-5000000,100000000000-500000000000,other,1,16,5
21485,413143,79519,0,0.11542423880230969,161,0.06613043688873485,2171,0.2926243062303998,31-40,F,China,HONOR,1000-2000,100-1000,100-1000,0-50000,0-1000000000,1,1,F,18-23,China,VIVO,1000-2000,Chat,10000-100000,500-1000,1000-10000,500-1000,3000000000-10000000000,10000000+,100000000000-500000000000,other,1,21,4
12408,4323272,168216,1,0.21184794753337893,376,0.41468221838535074,3310,0.40037919857242893,41-49,M,China,VIVO,2000-4000,1000-10000,100-1000,100000-500000,10000000000-50000000000,1,1,M,41-49,China,HONOR,4000-5000,Hobbies,2000000-3000000,90000-100000,100-1000,1000-5000,10000000000-50000000000,10000000+,100000000000000+,shop,1,14,4
9550,1694126,41742,0,0.28497521055012764,513,0.09013276392306183,822,0.2926243062303998,31-40,F,China,HUAWEI,2000-4000,10-100,10-100,100000-500000,5000000000-10000000000,1,1,F,24-30,China,APPLE,5000+,Talent,10000-100000,1000-5000,100-1000,50-100,100000000-500000000,5000000-10000000,50000000000-100000000000,other,1,12,6
17805,10059127,81507,0,0.020142713762276315,1464,0.05222770387727074,2333,0.2926243062303998,12-17,F,China,APPLE,5000+,1000-10000,1000-10000,50000-100000,0-1000000000,1,1,M,18-23,China,APPLE,5000+,Chat,100000-1000000,5000-10000,1000-10000,1000-5000,3000000000-10000000000,10000000+,1000000000000-5000000000000,other,1,6,3
16645,9791034,266913,0,0.04424136058349698,294,0.12503968610689847,403,0.2926243062303998,12-17,F,China,XIAOMI,1-1000,1000-10000,1000-10000,0-50000,0-1000000000,0,1,F,18-23,China,APPLE,5000+,Other,100000-1000000,5000-10000,1000-10000,500-1000,1000000000-3000000000,10000000+,100000000000-500000000000,other,1,16,5
7434,5867733,422006,0,0.12802214750419913,151,0.10799982964228827,1229,0.1333639551880933,24-30,M,China,XIAOMI,1000-2000,100-1000,100-1000,0-50000,0-1000000000,1,1,M,18-23,China,OPPO,2000-4000,Other,100000-1000000,5000-10000,10-100,0-50,100000000-500000000,10000000+,100000000000-500000000000,game,1,7,6
10708,9267867,140287,0,0.18491037537922028,239,0.48151479566917305,67,0.40037919857242893,24-30,M,China,XIAOMI,2000-4000,100-1000,100-1000,50000-100000,1000000000-5000000000,1,1,M,31-40,China,APPLE,5000+,Chat,1000000-2000000,20000-30000,100-1000,100-500,500000000-1000000000,10000000+,1000000000000-5000000000000,shop,1,16,0
23390,1748887,82212,1,0.3104145355300956,901,0.45586914091032094,379,0.2926243062303998,50+,M,China,HUAWEI,2000-4000,1000-10000,1000-10000,50000-100000,1000000000-5000000000,1,1,M,50+,China,XIAOMI,1-1000,Chat,10000-100000,1000-5000,1000-10000,100-500,3000000000-10000000000,10000000+,100000000000-500000000000,other,1,3,1
17366,5680608,207637,1,0.2871771106083016,199,0.2694480976732743,13,0.2926243062303998,31-40,M,China,HONOR,5000+,100-1000,100-1000,50000-100000,10000000000-50000000000,1,1,F,24-30,China,VIVO,5000+,Chat,10000-100000,100-500,1000-10000,1000-5000,3000000000-10000000000,1000000-5000000,100000000000-500000000000,other,1,23,6
20331,1791707,34580,1,0.3285385226953724,1532,0.2945893611609027,0,0.2926243062303998,24-30,M,China,HUAWEI,5000+,1000-10000,0-10,100000-500000,1000000000-5000000000,1,1,F,24-30,China,HONOR,2000-4000,Other,100-1000,0-10,10-100,500-1000,500000000-1000000000,100000-500000,1000000000-5000000000,other,1,3,6
6425,4274306,217677,0,0.1862645195464339,17,0.2871578009674189,4,0.2926243062303998,31-40,M,China,VIVO,1000-2000,100-1000,1000-10000,0-50000,1000000000-5000000000,1,1,F,24-30,China,APPLE,5000+,Beauty,10000-100000,100-500,0-10,100-500,100000000-500000000,1000000-5000000,10000000000-50000000000,other,1,2,4
4938,2865511,311813,0,0.04354727384527058,1562,0.5998406595576158,6935,0.2926243062303998,12-17,M,China,APPLE,5000+,100-1000,100-1000,100000-500000,1000000000-5000000000,0,1,F,24-30,China,HUAWEI,5000+,Lifestyle,3000000-4000000,60000-70000,10-100,1000-5000,10000000000-50000000000,10000000+,10000000000000-100000000000000,other,1,12,6
21879,5131142,270057,0,0.8778755934364009,464,0.2997012729170991,677,0.2926243062303998,50+,F,China,ONEPLUS,2000-4000,10-100,100-1000,100000-500000,10000000000-50000000000,0,1,M,31-40,China,APPLE,5000+,Lifestyle,10000-100000,100-500,100-1000,100-500,500000000-1000000000,5000000-10000000,100000000000-500000000000,other,1,18,3
12577,8130081,399523,0,0.14591187311736548,459,0.4101052522860776,187,0.2926243062303998,50+,F,China,APPLE,2000-4000,100-1000,100-1000,100000-500000,10000000000-50000000000,1,1,M,41-49,China,APPLE,5000+,Chat,10000-100000,1000-5000,100-1000,500-1000,3000000000-10000000000,5000000-10000000,500000000000-1000000000000,other,1,22,0
18535,5644477,375925,1,0.48056140195243296,1426,0.28184954368635906,8,0.2926243062303998,50+,M,China,XIAOMI,1000-2000,100-1000,100-1000,500000-1000000,10000000000-50000000000,1,1,F,31-40,China,HONOR,5000+,Chat,100000-1000000,1000-5000,100-1000,1000-5000,3000000000-10000000000,10000000+,100000000000-500000000000,other,1,14,6
14574,8120735,25457,1,0.8538973172927636,1774,0.29143195493601937,86,0.2926243062303998,50+,M,China,HONOR,2000-4000,1000-10000,1000-10000,100000-500000,5000000000-10000000000,0,1,M,31-40,China,OPPO,2000-4000,E-Commerce,100000-1000000,1000-5000,10-100,1000-5000,10000000000-50000000000,10000000+,100000000000-500000000000,other,1,9,0
13246,488027,354265,1,0.07050168107552356,1638,0.29963914596744895,557,0.2926243062303998,31-40,M,China,VIVO,2000-4000,100-1000,100-1000,100000-500000,1000000000-5000000000,1,1,F,24-30,China,APPLE,5000+,Beauty,100000-1000000,1000-5000,100-1000,500-1000,3000000000-10000000000,10000000+,100000000000-500000000000,other,1,13,5
5074,1659553,63309,0,0.16813403454388784,247,0.16756595728027773,45,0.2926243062303998,41-49,M,China,HONOR,1000-2000,1000-10000,1000-10000,100000-500000,5000000000-10000000000,1,1,F,18-23,China,APPLE,5000+,Chat,1000-10000,10-50,10-100,100-500,100000000-500000000,100000-500000,1000000000-5000000000,other,1,9,1
12749,368903,26870,0,0.1709868866253798,225,0.26780851014627516,2,0.2926243062303998,24-30,M,China,APPLE,5000+,100-1000,100-1000,0-50000,0-1000000000,1,1,M,24-30,China,APPLE,5000+,Other,100-1000,0-10,100-1000,500-1000,500000000-1000000000,50000-100000,1000000000-5000000000,other,1,13,1
6164,1521337,196699,1,0.46547149110856145,461,0.5722946805804513,20,0.2926243062303998,50+,M,China,HUAWEI,2000-4000,100-1000,100-1000,100000-500000,10000000000-50000000000,1,1,M,31-40,China,HONOR,5000+,E-Commerce,1000-10000,100-500,100-1000,500-1000,1000000000-3000000000,500000-1000000,10000000000-50000000000,other,1,9,1
20185,6442283,314051,1,0.2945893611609027,0,0.4100616283868294,9,0.2926243062303998,31-40,M,China,OPPO,2000-4000,10-100,10-100,0-50000,0-1000000000,0,1,F,31-40,China,APPLE,4000-5000,Chat,1000-10000,50-100,0-10,50-100,100000000-500000000,500000-1000000,5000000000-10000000000,other,1,2,1
9029,9551399,159729,0,0.270045295682366,461,0.4423753511624345,86,0.2926243062303998,50+,M,China,HUAWEI,1000-2000,100-1000,100-1000,100000-500000,1000000000-5000000000,1,1,F,31-40,China,APPLE,5000+,Talent,100000-1000000,5000-10000,100-1000,1000-5000,10000000000-50000000000,10000000+,5000000000000-10000000000000,other,1,14,2
7321,3175145,76009,1,0.9472223047386844,1441,0.4573764316622328,6,0.40037919857242893,50+,F,China,OPPO,2000-4000,100-1000,1000-10000,50000-100000,1000000000-5000000000,0,1,F,50+,China,APPLE,5000+,E-Commerce,10000-100000,100-500,1000-10000,500-1000,3000000000-10000000000,1000000-5000000,50000000000-100000000000,shop,1,18,5
20565,5250622,185593,0,0.48673840899854115,516,0.3511342977857444,105,0.2926243062303998,50+,M,China,HUAWEI,1-1000,100-1000,10-100,100000-500000,10000000000-50000000000,0,1,M,41-49,China,HUAWEI,4000-5000,E-Commerce,100000-1000000,5000-10000,100-1000,1000-5000,10000000000-50000000000,10000000+,500000000000-1000000000000,other,1,11,4
7188,1426865,138276,0,0.058333878838090734,201,0.08742763756065158,5103,0.2926243062303998,18-23,F,China,VIVO,1000-2000,100-1000,1000-10000,0-50000,0-1000000000,0,1,M,50+,China,APPLE,5000+,Talent,9000000-10000000,70000-80000,0-10,1000-5000,10000000000-50000000000,10000000+,10000000000000-100000000000000,other,1,18,2
6013,8336006,77047,0,0.12526646386060403,43,0.21503885267865333,26,0.2926243062303998,41-49,F,China,OPPO,1000-2000,100-1000,100-1000,0-50000,0-1000000000,1,1,F,31-40,China,APPLE,5000+,Hobbies,1000-10000,10-50,1000-10000,100-500,100000000-500000000,50000-100000,0-1000000000,other,1,17,0
15581,10954533,230668,1,0.24858614040068872,587,0.41516371143358405,52,0.2926243062303998,31-40,M,China,APPLE,5000+,10000-100000,10-100,0-50000,1000000000-5000000000,1,1,F,41-49,China,APPLE,5000+,Chat,100000-1000000,1000-5000,10-100,5000-10000,10000000000-50000000000,10000000+,1000000000000-5000000000000,other,1,13,2
8509,10233409,204366,1,0.4097474282630902,646,0.33208950831285117,67,0.2926243062303998,41-49,M,China,HUAWEI,2000-4000,10-100,100-1000,0-50000,1000000000-5000000000,0,1,F,24-30,China,OPPO,2000-4000,Talent,100000-1000000,1000-5000,1000-10000,1000-5000,10000000000-50000000000,10000000+,1000000000000-5000000000000,other,1,17,0
20697,3520399,395443,0,0.359710962810246,216,0.5387195520488801,455,0.2926243062303998,41-49,M,China,HI NOVA,2000-4000,100-1000,1000-10000,100000-500000,10000000000-50000000000,1,1,F,31-40,China,APPLE,5000+,Talent,7000000-8000000,100000+,100-1000,1000-5000,10000000000-50000000000,10000000+,100000000000000+,other,1,21,1
4356,8383324,61403,1,0.6382856012868922,1863,0.2769145446429189,41,0.2926243062303998,50+,M,China,XIAOMI,2000-4000,10-100,100-1000,500000-1000000,10000000000-50000000000,0,1,M,50+,China,APPLE,5000+,Chat,1000-10000,100-500,100-1000,100-500,1000000000-3000000000,1000000-5000000,10000000000-50000000000,other,1,0,6
13986,1327323,122984,1,0.7024700307817203,1839,0.49507426921312625,408,0.2926243062303998,50+,M,China,HONOR,1000-2000,100-1000,100-1000,100000-500000,10000000000-50000000000,1,1,F,31-40,China,DESKTOP,0,Chat,1000000-2000000,20000-30000,1000-10000,1000-5000,10000000000-50000000000,10000000+,10000000000000-100000000000000,other,1,19,1
14452,5689105,118684,0,0.6163960279106324,1242,0.28152978705363424,40,0.2926243062303998,41-49,M,China,VIVO,2000-4000,10-100,100-1000,0-50000,1000000000-5000000000,1,1,F,24-30,China,APPLE,4000-5000,Beauty,10000-100000,500-1000,1000-10000,100-500,1000000000-3000000000,1000000-5000000,100000000000-500000000000,other,1,15,3
13677,1393474,97578,1,0.6730257961163694,592,0.6723575120798415,371,0.2926243062303998,50+,M,China,OPPO,1000-2000,100-1000,100-1000,50000-100000,1000000000-5000000000,0,1,M,41-49,China,APPLE,5000+,Other,100000-1000000,10000-20000,1000-10000,1000-5000,10000000000-50000000000,10000000+,10000000000000-100000000000000,other,1,9,6
4144,6641503,191405,0,0.09017249636546866,744,0.3356285526115141,659,0.2926243062303998,24-30,M,China,OPPO,2000-4000,100-1000,100-1000,100000-500000,5000000000-10000000000,1,1,F,31-40,China,APPLE,5000+,Chat,100000-1000000,1000-5000,1000-10000,1000-5000,3000000000-10000000000,10000000+,500000000000-1000000000000,other,1,7,2
5643,4536789,336995,1,0.05011084144089669,357,0.7072516911146514,889,0.2926243062303998,50+,M,China,HONOR,1000-2000,10-100,1000-10000,50000-100000,1000000000-5000000000,0,1,M,24-30,China,APPLE,5000+,Education,100000-1000000,80000-90000,10-100,500-1000,3000000000-10000000000,10000000+,1000000000000-5000000000000,other,1,17,4
14824,438466,287776,1,0.1875902538882691,166,0.4369363917875941,172,0.2926243062303998,31-40,M,China,VIVO,1-1000,1000-10000,100-1000,100000-500000,1000000000-5000000000,1,1,F,31-40,China,VIVO,2000-4000,Talent,10000-100000,100-500,10-100,1000-5000,3000000000-10000000000,1000000-5000000,100000000000-500000000000,other,1,19,4
3999,8177418,55669,1,0.555661844770169,2098,0.32818034396276446,1,0.2926243062303998,41-49,M,China,VIVO,1000-2000,1000-10000,1000-10000,100000-500000,5000000000-10000000000,1,1,F,31-40,China,OPPO,2000-4000,Chat,10000-100000,1000-5000,1000-10000,500-1000,3000000000-10000000000,5000000-10000000,100000000000-500000000000,other,1,0,5
627,7380766,174242,1,0.49682385488079445,2218,0.2137198034341239,45,0.2926243062303998,31-40,M,China,OPPO,1000-2000,100-1000,1000-10000,100000-500000,1000000000-5000000000,0,1,F,50+,China,OPPO,2000-4000,Chat,1000-10000,100-500,1000-10000,100-500,100000000-500000000,500000-1000000,1000000000-5000000000,other,1,19,1
3049,2605175,382641,1,0.6922456095698771,484,0.31654589309075015,324,0.40037919857242893,31-40,M,China,HUAWEI,1000-2000,100-1000,1000-10000,100000-500000,10000000000-50000000000,1,1,M,50+,China,APPLE,5000+,Group,2000000-3000000,100000+,1000-10000,1000-5000,3000000000-10000000000,10000000+,100000000000000+,shop,1,19,1
23660,5304059,90069,1,0.6233670094058308,429,0.3111939206633729,15,0.2926243062303998,41-49,M,China,XIAOMI,1000-2000,1000-10000,1000-10000,100000-500000,10000000000-50000000000,1,1,F,31-40,China,OPPO,1000-2000,Chat,1000-10000,50-100,100-1000,100-500,1000000000-3000000000,100000-500000,5000000000-10000000000,other,1,8,6
3378,8005575,7133,0,0.11552523967094223,31,0.17853900676418344,13,0.40037919857242893,18-23,M,China,XIAOMI,2000-4000,100-1000,10-100,0-50000,0-1000000000,1,1,F,31-40,China,APPLE,5000+,E-Commerce,1000-10000,0-10,0-10,0-50,0-100000000,5000000-10000000,10000000000-50000000000,shop,1,15,3
6637,8003805,273007,1,0.34779018112030075,572,0.34312118361817623,3,0.2926243062303998,41-49,M,China,VIVO,1000-2000,0-10,0-10,0-50000,1000000000-5000000000,1,1,F,31-40,China,HONOR,1000-2000,Chat,100-1000,10-50,10-100,50-100,500000000-1000000000,100000-500000,1000000000-5000000000,other,1,14,6
4865,4500598,416131,0,0.19640364988022904,1456,0.23567148892872214,5,0.2926243062303998,31-40,M,China,APPLE,5000+,0-10,0-10,0-50000,0-1000000000,1,1,F,41-49,China,VIVO,2000-4000,Lifestyle,1000-10000,10-50,1000-10000,500-1000,1000000000-3000000000,500000-1000000,10000000000-50000000000,other,1,13,3
6305,1630238,432585,0,0.06572720685791075,450,0.1560281641189282,8920,0.2926243062303998,24-30,F,China,XIAOMI,1000-2000,1000-10000,1000-10000,0-50000,0-1000000000,0,1,F,24-30,China,APPLE,5000+,Group,10000000+,100000+,1000-10000,1000-5000,3000000000-10000000000,10000000+,100000000000000+,other,1,21,1
6410,8242595,45239,1,0.7099702160742152,1263,0.23677798311343592,26,0.40037919857242893,50+,M,China,HUAWEI,1000-2000,100-1000,100-1000,100000-500000,5000000000-10000000000,0,1,M,50+,China,OPPO,4000-5000,Chat,100000-1000000,1000-5000,100-1000,1000-5000,10000000000-50000000000,10000000+,5000000000000-10000000000000,shop,1,22,5
16753,4159095,207109,0,0.060009839084489196,1178,0.20016343364506745,12779,0.2926243062303998,18-23,M,China,APPLE,5000+,100-1000,10-100,0-50000,0-1000000000,1,1,M,24-30,China,APPLE,5000+,Chat,4000000-5000000,100000+,1000-10000,1000-5000,3000000000-10000000000,10000000+,10000000000000-100000000000000,other,1,0,2
20818,861044,105901,1,0.7723780914653943,1852,0.20208607325495576,24,0.2926243062303998,24-30,M,China,OPPO,2000-4000,100-1000,100-1000,100000-500000,1000000000-5000000000,1,1,F,24-30,China,APPLE,2000-4000,Game,1000-10000,50-100,0-10,100-500,500000000-1000000000,1000000-5000000,10000000000-50000000000,other,1,2,6
12694,2298591,378645,1,0.38470365033504456,497,0.2945893611609027,0,0.2926243062303998,50+,M,China,XIAOMI,2000-4000,100-1000,100-1000,100000-500000,1000000000-5000000000,0,1,M,31-40,China,APPLE,5000+,Lifestyle,100-1000,0-10,1000-10000,50-100,100000000-500000000,0-50000,0-1000000000,other,1,10,5
10987,7968135,330623,1,0.6677943262386395,4318,0.19339983406776692,57,0.2926243062303998,41-49,M,China,VIVO,1000-2000,1000-10000,1000-10000,500000-1000000,10000000000-50000000000,1,1,F,50+,China,APPLE,5000+,Chat,10000-100000,500-1000,1000-10000,5000-10000,10000000000-50000000000,1000000-5000000,50000000000-100000000000,other,1,21,4
6764,3735599,292000,1,0.6820123256773659,125,0.5076878208898108,96,0.40037919857242893,50+,M,China,XIAOMI,1000-2000,100-1000,1000-10000,0-50000,1000000000-5000000000,0,1,F,41-49,China,HUAWEI,1000-2000,Relationship,100000-1000000,1000-5000,100-1000,100-500,1000000000-3000000000,10000000+,1000000000000-5000000000000,shop,1,14,1
1331,11058225,222778,0,0.22559720998131697,343,0.3918602951814804,411,0.2926243062303998,31-40,F,China,HONOR,2000-4000,1000-10000,10-100,100000-500000,5000000000-10000000000,1,1,M,24-30,China,APPLE,5000+,Chat,100000-1000000,5000-10000,100-1000,100-500,1000000000-3000000000,10000000+,1000000000000-5000000000000,other,1,16,1
21478,1475735,381860,0,0.021136103403876616,2719,0.03910352813065576,770,0.2926243062303998,18-23,F,China,OPPO,2000-4000,10-100,100-1000,0-50000,0-1000000000,0,0,F,18-23,China,APPLE,5000+,Chat,100000-1000000,5000-10000,1000-10000,1000-5000,3000000000-10000000000,10000000+,1000000000000-5000000000000,other,1,10,6
2751,10298308,357873,1,0.23862776732737778,671,0.5275755058798216,103,0.2926243062303998,41-49,M,China,OPPO,2000-4000,1000-10000,1000-10000,100000-500000,5000000000-10000000000,1,1,M,50+,China,HONOR,1000-2000,E-Commerce,1000-10000,500-1000,0-10,0-50,100000000-500000000,1000000-5000000,10000000000-50000000000,other,1,23,3
8149,7957469,174101,0,0.04377047222343665,800,0.2327010136733457,362,0.40037919857242893,41-49,M,China,VIVO,2000-4000,100-1000,1000-10000,100000-500000,10000000000-50000000000,1,1,M,50+,China,HUAWEI,5000+,Education,2000000-3000000,100000+,100-1000,1000-5000,10000000000-50000000000,10000000+,10000000000000-100000000000000,shop,1,22,6
16067,9496230,287387,0,0.0647926997539716,1105,0.10817670658909816,16526,0.1333639551880933,18-23,M,China,VIVO,2000-4000,10000-100000,1000-10000,100000-500000,0-1000000000,1,1,M,18-23,China,APPLE,5000+,Game,3000000-4000000,100000+,1000-10000,500-1000,1000000000-3000000000,10000000+,10000000000000-100000000000000,game,1,1,6
18598,11513314,69247,0,0.22289286601892971,150,0.27115101751748943,164,0.40037919857242893,41-49,F,China,OPPO,1000-2000,100-1000,100-1000,0-50000,0-1000000000,0,1,M,31-40,China,XIAOMI,5000+,Lifestyle,100000-1000000,5000-10000,1000-10000,5000-10000,10000000000-50000000000,10000000+,10000000000000-100000000000000,shop,1,21,2
11117,3692055,310243,0,0.0793693478987011,659,0.16466272635588985,34,0.2926243062303998,12-17,M,China,IQOO,2000-4000,100-1000,100-1000,100000-500000,1000000000-5000000000,0,1,M,31-40,China,VIVO,2000-4000,Chat,1000-10000,100-500,1000-10000,1000-5000,10000000000-50000000000,1000000-5000000,10000000000-50000000000,other,1,7,5
15940,696959,154905,0,0.03062182238294074,401,0.19729468058045135,20,0.1333639551880933,31-40,M,China,HUAWEI,2000-4000,100-1000,1000-10000,0-50000,0-1000000000,0,1,F,24-30,China,XIAOMI,1000-2000,Game,1000-10000,0-10,10-100,1000-5000,3000000000-10000000000,100000-500000,10000000000-50000000000,game,1,20,1
22135,8941752,329731,0,0.25158465981041495,385,0.4066315278004103,24,0.2926243062303998,50+,M,China,OPPO,2000-4000,100-1000,1000-10000,100000-500000,10000000000-50000000000,1,1,F,31-40,China,OPPO,2000-4000,Talent,100000-1000000,1000-5000,1000-10000,5000-10000,10000000000-50000000000,10000000+,1000000000000-5000000000000,other,1,21,5
12685,9474740,269366,1,0.9545567646537638,2469,0.32818034396276446,1,0.2926243062303998,50+,M,China,VIVO,1000-2000,100-1000,100-1000,100000-500000,5000000000-10000000000,0,1,F,41-49,China,HUAWEI,2000-4000,Chat,100-1000,10-50,10-100,500-1000,1000000000-3000000000,100000-500000,5000000000-10000000000,other,1,23,4
9672,10545137,82786,1,0.1711699680829661,67,0.13340525974726195,2183,0.2926243062303998,50+,M,China,HONOR,1-1000,100-1000,100-1000,0-50000,0-1000000000,1,1,M,41-49,China,HUAWEI,4000-5000,Other,10000-100000,500-1000,1000-10000,100-500,1000000000-3000000000,10000000+,100000000000-500000000000,other,1,7,5
21815,3233755,342499,1,0.16380596620950313,950,0.46486312038696753,40,0.2926243062303998,31-40,M,China,HUAWEI,1000-2000,10-100,10-100,50000-100000,5000000000-10000000000,0,0,F,31-40,China,OPPO,2000-4000,Lifestyle,10000-100000,500-1000,100-1000,500-1000,1000000000-3000000000,5000000-10000000,500000000000-1000000000000,other,1,12,4
4046,5891563,373584,0,0.6192720233386706,1832,0.491317841405637,338,0.2926243062303998,41-49,M,China,OPPO,2000-4000,1000-10000,1000-10000,100000-500000,10000000000-50000000000,1,1,F,24-30,China,VIVO,2000-4000,Chat,100000-1000000,1000-5000,1000-10000,1000-5000,10000000000-50000000000,10000000+,1000000000000-5000000000000,other,1,18,6
23113,5812435,46647,0,0.24505061659748095,608,0.1596757152094029,67,0.2926243062303998,12-17,M,China,VIVO,2000-4000,10-100,0-10,100000-500000,1000000000-5000000000,0,1,M,18-23,China,APPLE,4000-5000,Chat,10000-100000,100-500,10-100,0-50,100000000-500000000,1000000-5000000,10000000000-50000000000,other,1,18,4
17410,8647464,114419,0,0.13630334987821138,1021,0.1429235497712572,39224,0.2926243062303998,12-17,F,China,APPLE,5000+,100-1000,10-100,100000-500000,1000000000-5000000000,1,1,F,18-23,China,APPLE,5000+,Chat,9000000-10000000,100000+,1000-10000,1000-5000,3000000000-10000000000,10000000+,10000000000000-100000000000000,other,1,17,5
19735,11566880,197579,1,0.5752891221784331,211,0.31567148892872215,5,0.2926243062303998,31-40,M,China,OPPO,1000-2000,10-100,1000-10000,100000-500000,1000000000-5000000000,1,0,F,18-23,China,APPLE,5000+,Chat,1000-10000,10-50,100-1000,100-500,500000000-1000000000,100000-500000,1000000000-5000000000,other,1,2,6
21794,363297,101003,0,0.12062380406580211,576,0.05926942885339668,265,0.2926243062303998,12-17,M,China,APPLE,5000+,1000-10000,1000-10000,50000-100000,1000000000-5000000000,0,1,M,18-23,China,APPLE,5000+,Chat,100000-1000000,20000-30000,1000-10000,500-1000,3000000000-10000000000,10000000+,1000000000000-5000000000000,other,1,14,1
13288,6599065,389455,1,0.6433386561571913,942,0.4243097783586428,173,0.2926243062303998,31-40,M,China,HONOR,1000-2000,100-1000,100-1000,50000-100000,1000000000-5000000000,1,1,F,24-30,China,APPLE,5000+,Chat,100000-1000000,1000-5000,100-1000,5000-10000,10000000000-50000000000,10000000+,500000000000-1000000000000,other,1,13,4
7296,5585567,214253,0,0.04704775115728048,1253,0.5524503304786229,1303,0.2926243062303998,31-40,M,China,VIVO,2000-4000,0-10,10-100,0-50000,0-1000000000,0,0,M,31-40,China,APPLE,5000+,Lifestyle,10000-100000,500-1000,10-100,100-500,1000000000-3000000000,10000000+,100000000000-500000000000,other,1,7,1
11515,4715695,173063,0,0.1230342820997803,353,0.09014542279304416,955,0.2926243062303998,24-30,F,China,HUAWEI,1000-2000,1000-10000,1000-10000,100000-500000,5000000000-10000000000,0,1,F,50+,China,VIVO,1000-2000,Chat,100000-1000000,5000-10000,1000-10000,500-1000,3000000000-10000000000,10000000+,1000000000000-5000000000000,other,1,19,6
18556,6187434,352270,0,0.07799813353700047,94,0.07856841471329029,335,0.2926243062303998,12-17,F,China,VIVO,1000-2000,100-1000,100-1000,0-50000,0-1000000000,0,1,M,18-23,China,APPLE,5000+,Chat,100000-1000000,5000-10000,1000-10000,500-1000,3000000000-10000000000,10000000+,100000000000-500000000000,other,1,22,6
9301,3837131,337468,1,0.5518874992957202,373,0.4445443870075191,9,0.2926243062303998,50+,M,China,OPPO,2000-4000,1000-10000,1000-10000,100000-500000,10000000000-50000000000,1,1,M,50+,China,HUAWEI,1000-2000,Chat,100000-1000000,5000-10000,100-1000,100-500,500000000-1000000000,10000000+,500000000000-1000000000000,other,1,17,4
4277,2530060,421922,1,0.04738444749136066,3080,0.1305969870307887,117,0.2926243062303998,18-23,F,China,APPLE,5000+,100-1000,100-1000,100000-500000,1000000000-5000000000,1,1,F,18-23,China,APPLE,5000+,Chat,10000-100000,100-500,10-100,500-1000,1000000000-3000000000,10000000+,100000000000-500000000000,other,1,18,5
19462,10285214,85580,1,0.6103700779331134,201,0.2586550612209864,343,0.2926243062303998,50+,F,China,OPPO,2000-4000,10-100,10-100,100000-500000,1000000000-5000000000,0,1,M,31-40,China,APPLE,5000+,Lifestyle,100000-1000000,500-1000,100-1000,100-500,1000000000-3000000000,10000000+,500000000000-1000000000000,other,1,3,6
117,1179998,12765,1,0.19859586992142608,1339,0.33005415827933493,13,0.2926243062303998,41-49,M,China,XIAOMI,1-1000,100-1000,0-10,100000-500000,1000000000-5000000000,1,1,F,18-23,China,OPPO,2000-4000,Chat,1000-10000,100-500,100-1000,1000-5000,10000000000-50000000000,1000000-5000000,50000000000-100000000000,other,1,21,4
17249,3615423,136158,0,0.504528420858769,729,0.5188329702615595,107,0.40037919857242893,24-30,M,China,HUAWEI,2000-4000,100-1000,1000-10000,50000-100000,1000000000-5000000000,1,1,F,31-40,China,XIAOMI,1000-2000,E-Commerce,10000000+,100000+,1000-10000,500-1000,3000000000-10000000000,10000000+,10000000000000-100000000000000,shop,1,18,1
4865,9164596,39581,1,0.19640364988022904,1456,0.24903381449301834,92,0.2926243062303998,31-40,M,China,APPLE,5000+,0-10,0-10,0-50000,0-1000000000,1,1,F,50+,China,APPLE,5000+,Relationship,10000-100000,1000-5000,1000-10000,5000-10000,10000000000-50000000000,10000000+,1000000000000-5000000000000,other,1,0,2
7950,7057382,181262,1,0.15344492057973103,1400,0.06399566555065732,12026,0.2926243062303998,18-23,M,China,APPLE,5000+,100-1000,10-100,100000-500000,1000000000-5000000000,1,1,F,18-23,China,APPLE,5000+,Beauty,2000000-3000000,60000-70000,1000-10000,1000-5000,10000000000-50000000000,10000000+,10000000000000-100000000000000,other,1,16,0
17346,411397,19626,1,0.507487464158651,1034,0.3865994444877414,3,0.2926243062303998,50+,M,China,HUAWEI,2000-4000,1000-10000,1000-10000,100000-500000,5000000000-10000000000,1,1,F,41-49,China,VIVO,1000-2000,Lifestyle,10000-100000,100-500,1000-10000,500-1000,3000000000-10000000000,5000000-10000000,100000000000-500000000000,other,1,10,1
13822,3436635,41996,1,0.5223852149453299,1293,0.1636607562005015,16,0.2926243062303998,41-49,F,China,APPLE,5000+,10000-100000,100-1000,100000-500000,10000000000-50000000000,1,1,M,31-40,China,APPLE,5000+,Chat,10000-100000,100-500,100-1000,1000-5000,3000000000-10000000000,5000000-10000000,500000000000-1000000000000,other,1,0,1
19802,2413360,264613,1,0.07210553634184383,2669,0.29157706721250365,4908,0.2926243062303998,18-23,M,China,APPLE,5000+,10-100,10-100,50000-100000,1000000000-5000000000,1,1,F,31-40,China,APPLE,5000+,Beauty,10000000+,100000+,1000-10000,1000-5000,3000000000-10000000000,10000000+,100000000000000+,other,1,20,5
5583,3119693,437361,0,0.2832590663379644,315,0.7791032041141224,569,0.2926243062303998,50+,M,China,VIVO,2000-4000,100-1000,100-1000,50000-100000,10000000000-50000000000,0,1,M,50+,China,HONOR,2000-4000,Lifestyle,10000-100000,100-500,1000-10000,100-500,500000000-1000000000,5000000-10000000,100000000000-500000000000,other,1,9,1
18313,6586873,443529,0,0.4688523611171833,144,0.2945893611609027,0,0.40037919857242893,31-40,M,China,HUAWEI,2000-4000,100-1000,10-100,100000-500000,5000000000-10000000000,1,1,F,41-49,China,APPLE,5000+,Chat,10000-100000,100-500,100-1000,500-1000,3000000000-10000000000,10000000+,500000000000-1000000000000,shop,1,11,4
14214,2209994,87852,1,0.08812162523447276,932,0.2945893611609027,0,0.2926243062303998,18-23,M,China,APPLE,5000+,100-1000,100-1000,100000-500000,1000000000-5000000000,1,1,F,18-23,China,APPLE,5000+,Beauty,100-1000,10-50,10-100,0-50,100000000-500000000,100000-500000,1000000000-5000000000,other,1,3,5
23373,3406858,182652,1,0.5742606879589629,194,0.8196392907440602,280,0.2926243062303998,50+,F,China,HONOR,1000-2000,100-1000,100-1000,100000-500000,10000000000-50000000000,0,1,F,41-49,China,XIAOMI,2000-4000,Education,100000-1000000,10000-20000,10-100,1000-5000,3000000000-10000000000,10000000+,5000000000000-10000000000000,other,1,6,6
18595,11043492,17424,0,0.12725212764668817,820,0.06186019827505939,1126,0.2926243062303998,24-30,F,China,HUAWEI,1000-2000,100-1000,100-1000,0-50000,0-1000000000,0,1,F,31-40,China,APPLE,5000+,Beauty,10000-100000,1000-5000,100-1000,1000-5000,3000000000-10000000000,10000000+,100000000000-500000000000,other,1,0,0
5557,2517354,449691,1,0.789357890048371,460,0.27477186731161257,16,0.2926243062303998,50+,M,China,XIAOMI,2000-4000,100-1000,1000-10000,50000-100000,1000000000-5000000000,0,1,F,18-23,China,VIVO,2000-4000,Chat,100000-1000000,1000-5000,100-1000,500-1000,3000000000-10000000000,5000000-10000000,100000000000-500000000000,other,1,0,0
7005,203265,451988,0,0.11456543019123032,206,0.27409670682288395,19418,0.2926243062303998,31-40,F,China,REALME,2000-4000,100-1000,100-1000,0-50000,0-1000000000,0,1,M,24-30,China,APPLE,5000+,Group,9000000-10000000,100000+,1000-10000,1000-5000,10000000000-50000000000,10000000+,100000000000000+,other,1,23,5
22528,9706248,74753,1,0.3804093415522001,1670,0.5727337295824857,116,0.2926243062303998,31-40,M,China,HUAWEI,2000-4000,10-100,100-1000,0-50000,1000000000-5000000000,0,1,F,50+,China,APPLE,5000+,Beauty,1000-10000,50-100,10-100,50-100,100000000-500000000,1000000-5000000,50000000000-100000000000,other,1,11,6
21179,4574823,291090,1,0.8690359090462257,1088,0.32818034396276446,1,0.2926243062303998,41-49,M,China,OPPO,2000-4000,100-1000,100-1000,100000-500000,1000000000-5000000000,0,1,M,50+,China,OPPO,2000-4000,Other,100-1000,0-10,10-100,0-50,0-100000000,0-50000,0-1000000000,other,1,8,6
23104,206556,326503,0,0.08150153156268104,494,0.42229468058045133,20,0.2926243062303998,31-40,M,China,OPPO,2000-4000,100-1000,100-1000,0-50000,1000000000-5000000000,1,1,F,24-30,China,APPLE,5000+,Beauty,1000-10000,100-500,100-1000,1000-5000,1000000000-3000000000,1000000-5000000,10000000000-50000000000,other,1,4,6
7707,6725829,365917,1,0.4339884147812464,171,0.34199181627761743,6,0.2926243062303998,41-49,M,China,VIVO,1000-2000,100-1000,1000-10000,50000-100000,10000000000-50000000000,1,1,F,31-40,China,APPLE,5000+,Lifestyle,10000-100000,100-500,100-1000,500-1000,3000000000-10000000000,1000000-5000000,50000000000-100000000000,other,1,17,4
6257,6073977,397160,0,0.07727525064143119,328,0.11881627184413869,139,0.2926243062303998,12-17,M,China,OPPO,1000-2000,1000-10000,1000-10000,50000-100000,0-1000000000,0,1,M,18-23,China,APPLE,5000+,Chat,10000-100000,100-500,1000-10000,1000-5000,3000000000-10000000000,10000000+,100000000000-500000000000,other,1,0,4
6268,6265301,115796,1,0.9456764559792631,8505,0.2866259795583698,18,0.2926243062303998,50+,M,China,HONOR,1000-2000,100-1000,10-100,500000-1000000,10000000000-50000000000,0,1,F,31-40,China,DESKTOP,0,Group,1000-10000,10-50,10-100,0-50,100000000-500000000,100000-500000,1000000000-5000000000,other,1,6,6
11458,6550181,287731,1,0.3665225828634746,37,0.24871175265735776,64,0.2926243062303998,31-40,M,China,VIVO,2000-4000,100-1000,100-1000,100000-500000,5000000000-10000000000,1,1,F,50+,China,HONOR,2000-4000,Chat,100-1000,100-500,10-100,100-500,500000000-1000000000,100000-500000,1000000000-5000000000,other,1,9,6
15253,2137096,201809,0,0.08147157733353762,2679,0.3829726240773935,280,0.2926243062303998,31-40,F,China,VIVO,2000-4000,1000-10000,100-1000,50000-100000,5000000000-10000000000,1,1,M,31-40,China,HUAWEI,1000-2000,Talent,10000-100000,100-500,100-1000,100-500,500000000-1000000000,5000000-10000000,100000000000-500000000000,other,1,19,0
5661,5761810,223136,0,0.1594392806467274,387,0.4444836111245683,54,0.40037919857242893,50+,M,China,VIVO,1000-2000,1000-10000,1000-10000,50000-100000,10000000000-50000000000,1,1,M,41-49,China,APPLE,5000+,Lifestyle,100000-1000000,1000-5000,100-1000,100-500,1000000000-3000000000,10000000+,100000000000-500000000000,shop,1,10,3
17958,2509212,275480,0,0.3898150998184824,403,0.2945893611609027,0,0.2926243062303998,50+,M,China,HONOR,1000-2000,100-1000,100-1000,100000-500000,1000000000-5000000000,0,1,M,31-40,China,HUAWEI,5000+,Chat,10000-100000,500-1000,10-100,0-50,100000000-500000000,1000000-5000000,100000000000-500000000000,other,1,12,1
6870,11196662,78651,1,0.9527393358868423,6986,0.5225839890941051,418,0.2926243062303998,50+,M,China,OPPO,2000-4000,100-1000,1000-10000,500000-1000000,10000000000-50000000000,1,1,F,31-40,China,HUAWEI,5000+,Chat,1000-10000,100-500,100-1000,100-500,1000000000-3000000000,1000000-5000000,10000000000-50000000000,other,1,22,1
14479,589929,206830,1,0.8941868853717758,2665,0.7458826117611271,67,0.2926243062303998,31-40,M,China,VIVO,1000-2000,10-100,0-10,0-50000,1000000000-5000000000,0,1,M,31-40,China,APPLE,5000+,Education,100000-1000000,1000-5000,100-1000,500-1000,3000000000-10000000000,10000000+,500000000000-1000000000000,other,1,20,1
739,7105307,198847,0,0.8795743689621258,1268,0.40394307058402773,54,0.2926243062303998,41-49,M,China,HUAWEI,2000-4000,1000-10000,1000-10000,100000-500000,5000000000-10000000000,1,1,M,50+,China,APPLE,5000+,Lifestyle,100000-1000000,1000-5000,10-100,5000-10000,10000000000-50000000000,10000000+,1000000000000-5000000000000,other,1,17,4
18750,5482669,411108,0,0.8292243252487053,777,0.2945893611609027,0,0.2926243062303998,41-49,M,China,VIVO,2000-4000,1000-10000,100-1000,100000-500000,1000000000-5000000000,1,1,M,41-49,China,APPLE,4000-5000,E-Commerce,1000-10000,50-100,100-1000,0-50,100000000-500000000,100000-500000,1000000000-5000000000,other,1,6,1
132,8902501,344841,0,0.06533066762623803,560,0.0838971733803249,2744,0.2926243062303998,24-30,F,China,OPPO,1000-2000,100-1000,10-100,0-50000,0-1000000000,1,1,F,24-30,China,APPLE,5000+,Chat,7000000-8000000,20000-30000,1000-10000,1000-5000,10000000000-50000000000,10000000+,10000000000000-100000000000000,other,1,21,5
22421,6426045,410498,1,0.06389846074741662,573,0.10890067520021901,18326,0.2926243062303998,18-23,F,China,APPLE,5000+,100-1000,100-1000,0-50000,0-1000000000,1,1,F,18-23,China,APPLE,5000+,Beauty,3000000-4000000,60000-70000,1000-10000,1000-5000,3000000000-10000000000,10000000+,10000000000000-100000000000000,other,1,14,5
10861,8332176,399939,1,0.1623663274540984,509,0.17211639709773793,2315,0.2926243062303998,18-23,M,Cambodia,REALME,2000-4000,10-100,10-100,0-50000,0-1000000000,1,1,F,18-23,China,APPLE,5000+,Beauty,1000000-2000000,5000-10000,0-10,1000-5000,10000000000-50000000000,10000000+,1000000000000-5000000000000,other,1,8,1
21590,6885401,388510,0,0.26780851014627516,2,0.2945893611609027,0,0.1333639551880933,50+,M,China,APPLE,2000-4000,1000-10000,1000-10000,0-50000,0-1000000000,1,1,M,18-23,China,APPLE,5000+,Game,10000-100000,100-500,10-100,0-50,500000000-1000000000,10000000+,50000000000-100000000000,game,1,11,2
14095,5021009,268335,1,0.6081598834099825,1805,0.20884203706721374,13,0.2926243062303998,41-49,M,China,VIVO,1000-2000,1000-10000,1000-10000,100000-500000,1000000000-5000000000,1,1,F,31-40,China,HUAWEI,5000+,Chat,10000-100000,500-1000,100-1000,10000+,50000000000-100000000000,1000000-5000000,100000000000-500000000000,other,1,8,2
5303,4761073,146246,0,0.1943929342095612,463,0.09571926698913963,52,0.2926243062303998,18-23,M,China,APPLE,5000+,10-100,10-100,0-50000,1000000000-5000000000,0,1,F,18-23,China,APPLE,5000+,Beauty,10000-100000,100-500,1000-10000,100-500,500000000-1000000000,1000000-5000000,10000000000-50000000000,other,1,9,4
10936,10043228,277282,0,0.1143441079155582,84,0.05737387182959319,501,0.2926243062303998,50+,F,China,VIVO,2000-4000,1000-10000,1000-10000,0-50000,0-1000000000,0,1,F,18-23,China,OPPO,2000-4000,Talent,10000-100000,1000-5000,100-1000,1000-5000,3000000000-10000000000,10000000+,100000000000-500000000000,other,1,18,4
20698,10607838,301597,0,0.23668472331038948,1002,0.29964292274861104,3,0.2926243062303998,41-49,M,China,OPPO,1000-2000,10-100,100-1000,100000-500000,1000000000-5000000000,0,1,M,31-40,China,HUAWEI,2000-4000,E-Commerce,10000-100000,10-50,100-1000,500-1000,3000000000-10000000000,500000-1000000,10000000000-50000000000,other,1,18,2
16336,6594525,337148,1,0.21939974409374957,1593,0.18065372645156755,151,0.2926243062303998,41-49,M,China,VIVO,2000-4000,100-1000,1000-10000,500000-1000000,1000000000-5000000000,1,1,F,31-40,China,HONOR,2000-4000,Chat,1000-10000,100-500,0-10,1000-5000,3000000000-10000000000,1000000-5000000,10000000000-50000000000,other,1,21,6
18823,4559077,307482,1,0.733419069021222,273,0.186637145892633,23067,0.2926243062303998,41-49,F,China,HONOR,2000-4000,1000-10000,100-1000,0-50000,1000000000-5000000000,1,1,M,24-30,China,APPLE,5000+,Chat,3000000-4000000,40000-50000,1000-10000,1000-5000,10000000000-50000000000,10000000+,10000000000000-100000000000000,other,1,23,0
1935,6420145,264613,1,0.11618205538241834,616,0.29157706721250365,4908,0.2926243062303998,12-17,M,China,APPLE,5000+,10-100,10-100,50000-100000,1000000000-5000000000,0,1,F,31-40,China,APPLE,5000+,Beauty,10000000+,100000+,1000-10000,1000-5000,3000000000-10000000000,10000000+,100000000000000+,other,1,20,1
23519,2052043,370295,0,0.06935005279889085,685,0.11761422022820349,1484,0.2926243062303998,18-23,F,China,APPLE,2000-4000,10-100,10-100,50000-100000,1000000000-5000000000,0,1,M,18-23,China,APPLE,5000+,Chat,100000-1000000,10000-20000,100-1000,100-500,1000000000-3000000000,10000000+,1000000000000-5000000000000,other,1,0,6
6311,7041989,91807,1,0.022285181010571562,379,0.06196834547484096,1124,0.2926243062303998,0-11,F,China,VIVO,2000-4000,100-1000,1000-10000,0-50000,0-1000000000,0,1,F,31-40,China,OPPO,2000-4000,Lifestyle,10000-100000,500-1000,1000-10000,100-500,1000000000-3000000000,10000000+,100000000000-500000000000,other,1,14,6
742,9848355,290747,1,0.13334816246943215,1674,0.12915547173424766,1458,0.2926243062303998,12-17,F,China,VIVO,1000-2000,100-1000,100-1000,0-50000,0-1000000000,0,1,F,41-49,China,VIVO,1000-2000,Chat,100000-1000000,500-1000,1000-10000,100-500,500000000-1000000000,10000000+,100000000000-500000000000,other,1,19,6
6875,5991555,129828,1,0.7983041252975455,12073,0.5083340552288507,147,0.2926243062303998,41-49,M,China,OPPO,1000-2000,0-10,0-10,500000-1000000,10000000000-50000000000,0,1,F,31-40,China,HONOR,2000-4000,Chat,100000-1000000,20000-30000,1000-10000,5000-10000,50000000000-100000000000,10000000+,10000000000000-100000000000000,other,1,1,5
4398,6470904,350363,1,0.8675429045742283,313,0.2945893611609027,0,0.2926243062303998,50+,M,China,VIVO,2000-4000,1000-10000,1000-10000,0-50000,0-1000000000,0,1,F,31-40,China,VIVO,1000-2000,Education,100-1000,10-50,0-10,0-50,0-100000000,0-50000,1000000000-5000000000,other,1,13,5
10891,7574855,439020,1,0.09104282053571626,1890,0.38895189615691417,26,0.2926243062303998,41-49,M,China,HONOR,1000-2000,100-1000,100-1000,100000-500000,1000000000-5000000000,0,1,F,31-40,China,APPLE,5000+,Chat,100-1000,10-50,10-100,50-100,100000000-500000000,100000-500000,1000000000-5000000000,other,1,20,0
12610,1359217,6607,1,0.7777903792313828,210,0.8067368112769596,53,0.40037919857242893,50+,M,China,OPPO,1000-2000,10-100,100-1000,50000-100000,1000000000-5000000000,1,1,M,24-30,China,APPLE,5000+,E-Commerce,100000-1000000,1000-5000,100-1000,100-500,1000000000-3000000000,10000000+,1000000000000-5000000000000,shop,1,22,0
17794,9091774,296899,0,0.34939785216021096,824,0.6153776913527812,4499,0.2926243062303998,31-40,M,China,HUAWEI,2000-4000,1000-10000,1000-10000,100000-500000,1000000000-5000000000,1,1,M,31-40,China,HUAWEI,5000+,E-Commerce,1000000-2000000,100000+,1000-10000,1000-5000,10000000000-50000000000,10000000+,10000000000000-100000000000000,other,1,22,5
18771,3078854,176456,0,0.22063359241931757,188,0.2945893611609027,0,0.2926243062303998,50+,F,China,VIVO,1000-2000,100-1000,10-100,0-50000,1000000000-5000000000,1,1,M,24-30,China,APPLE,5000+,Group,1000-10000,100-500,10-100,100-500,1000000000-3000000000,10000000+,50000000000-100000000000,other,1,22,6
9480,8415238,181262,0,0.10046920625535097,815,0.06399566555065732,12026,0.2926243062303998,18-23,F,China,APPLE,5000+,100-1000,100-1000,50000-100000,0-1000000000,0,1,F,18-23,China,APPLE,5000+,Beauty,2000000-3000000,60000-70000,1000-10000,1000-5000,10000000000-50000000000,10000000+,10000000000000-100000000000000,other,1,0,1
15073,4300821,46716,1,0.5765865478423495,873,0.36741409067555686,192,0.2926243062303998,41-49,M,China,OPPO,2000-4000,100-1000,1000-10000,100000-500000,5000000000-10000000000,0,1,M,41-49,China,HUAWEI,5000+,Relationship,100000-1000000,20000-30000,0-10,5000-10000,50000000000-100000000000,10000000+,10000000000000-100000000000000,other,1,21,5
1715,480420,59223,0,0.2945893611609027,0,0.044350437332352215,3495,0.2926243062303998,12-17,M,China,OPPO,1-1000,1000-10000,100-1000,0-50000,0-1000000000,1,1,F,24-30,China,APPLE,5000+,Talent,10000-100000,5000-10000,100-1000,500-1000,3000000000-10000000000,10000000+,100000000000-500000000000,other,1,17,6
3249,1769715,115874,1,0.06997445613354565,693,0.2945893611609027,0,0.2926243062303998,41-49,F,China,VIVO,2000-4000,10000-100000,100-1000,50000-100000,5000000000-10000000000,1,1,F,41-49,China,APPLE,5000+,Chat,10000-100000,100-500,1000-10000,1000-5000,3000000000-10000000000,500000-1000000,10000000000-50000000000,other,1,13,3
1654,8006043,72579,1,0.7406288105679281,285,0.3808344293019823,90,0.2926243062303998,41-49,M,China,OPPO,1000-2000,100-1000,1000-10000,50000-100000,1000000000-5000000000,0,1,F,50+,China,HUAWEI,2000-4000,Chat,10000-100000,1000-5000,100-1000,50-100,100000000-500000000,1000000-5000000,100000000000-500000000000,other,1,15,4
8257,3835858,218317,1,0.5439890292271303,364,0.32818034396276446,1,0.2926243062303998,50+,M,China,XIAOMI,1000-2000,100-1000,1000-10000,0-50000,1000000000-5000000000,1,1,F,31-40,China,HUAWEI,1000-2000,Lifestyle,10000-100000,50-100,1000-10000,500-1000,3000000000-10000000000,500000-1000000,10000000000-50000000000,other,1,1,6
17487,6889458,252130,0,0.04666433115289736,642,0.2226110314736063,559,0.2926243062303998,24-30,M,China,APPLE,5000+,1000-10000,1000-10000,50000-100000,10000000000-50000000000,1,1,M,41-49,China,OPPO,2000-4000,Chat,10000-100000,1000-5000,1000-10000,1000-5000,3000000000-10000000000,10000000+,500000000000-1000000000000,other,1,11,1
22311,700564,329315,1,0.8481686317526561,1568,0.4377543518669402,46,0.2926243062303998,50+,F,China,VIVO,1000-2000,100-1000,1000-10000,100000-500000,10000000000-50000000000,1,1,F,18-23,China,XIAOMI,4000-5000,Chat,100000-1000000,1000-5000,100-1000,500-1000,3000000000-10000000000,10000000+,1000000000000-5000000000000,other,1,14,4
13169,2890178,335781,0,0.13627256433272658,170,0.10487174100857784,122,0.2926243062303998,12-17,M,China,HUAWEI,1-1000,1000-10000,1000-10000,0-50000,0-1000000000,0,1,F,24-30,China,APPLE,5000+,Beauty,1000-10000,100-500,100-1000,100-500,1000000000-3000000000,1000000-5000000,10000000000-50000000000,other,1,9,1
23598,10834976,37612,1,0.6612305566665515,981,0.47889934048665533,151,0.2926243062303998,50+,M,China,VIVO,2000-4000,100-1000,1000-10000,100000-500000,1000000000-5000000000,0,1,F,41-49,China,VIVO,1000-2000,Chat,100000-1000000,1000-5000,100-1000,1000-5000,10000000000-50000000000,10000000+,1000000000000-5000000000000,other,1,16,0
18196,5035655,144825,0,0.04953921734505021,1734,0.43122070482415004,47,0.2926243062303998,50+,M,China,REALME,1000-2000,100-1000,100-1000,50000-100000,0-1000000000,0,1,F,41-49,China,HONOR,5000+,Chat,1000-10000,100-500,10-100,500-1000,3000000000-10000000000,1000000-5000000,10000000000-50000000000,other,1,8,4
7122,11384981,288012,0,0.08713429778574443,105,0.06347783686756366,892,0.2926243062303998,12-17,M,China,XIAOMI,2000-4000,100-1000,1000-10000,50000-100000,1000000000-5000000000,1,1,F,24-30,China,XIAOMI,2000-4000,Game,10000-100000,500-1000,1000-10000,100-500,1000000000-3000000000,10000000+,100000000000-500000000000,other,1,15,4
21012,10876513,348952,0,0.21358303391700034,134,0.039370760263798606,2949,0.2926243062303998,0-11,M,China,HUAWEI,1-1000,100-1000,1000-10000,0-50000,0-1000000000,0,1,M,50+,China,APPLE,5000+,E-Commerce,10000-100000,100-500,10-100,100-500,500000000-1000000000,10000000+,50000000000-100000000000,other,1,6,0
14439,8678702,267001,1,0.4760430366274779,68,0.2945893611609027,0,0.2926243062303998,41-49,M,China,VIVO,2000-4000,100-1000,1000-10000,0-50000,0-1000000000,1,1,F,41-49,China,DESKTOP,0,Chat,100-1000,10-50,100-1000,0-50,0-100000000,0-50000,0-1000000000,other,1,3,4
19017,6409408,393589,0,0.09624130760022016,62,0.09426265439376645,6779,0.1333639551880933,31-40,F,China,APPLE,5000+,1000-10000,1000-10000,50000-100000,1000000000-5000000000,1,1,F,18-23,China,APPLE,5000+,Game,3000000-4000000,90000-100000,1000-10000,500-1000,3000000000-10000000000,10000000+,10000000000000-100000000000000,game,1,14,5
2273,3352870,361863,0,0.5711930461756267,1046,0.2945893611609027,0,0.2926243062303998,50+,M,China,OPPO,1000-2000,100-1000,1000-10000,100000-500000,10000000000-50000000000,0,1,M,31-40,China,APPLE,5000+,Chat,1000-10000,500-1000,100-1000,0-50,100000000-500000000,100000-500000,10000000000-50000000000,other,1,23,0
22541,6647366,190458,0,0.05234680848215277,360,0.14326069129258387,21660,0.2926243062303998,41-49,F,China,REALME,1-1000,100-1000,100-1000,0-50000,0-1000000000,0,1,F,18-23,China,APPLE,5000+,Group,6000000-7000000,100000+,1000-10000,1000-5000,10000000000-50000000000,10000000+,100000000000000+,other,1,19,6
15737,503833,207099,0,0.17684464230023755,477,0.15052895219263357,59,0.2926243062303998,31-40,M,China,HUAWEI,5000+,1000-10000,100-1000,50000-100000,5000000000-10000000000,1,1,M,31-40,China,HUAWEI,2000-4000,Chat,10000-100000,100-500,100-1000,500-1000,3000000000-10000000000,1000000-5000000,100000000000-500000000000,other,1,17,6
